Evaluacion,Costo,Puntaje_YOLO,Penalizacion_Obs,Penalizacion_Dist,Penalizacion_dmax,Distancia_Teorica,Tiempo_Vuelo,x0,y0,z0,yaw0,x1,y1,z1,yaw1,x2,y2,z2,yaw2,x3,y3,z3,yaw3,x4,y4,z4,yaw4,x5,y5,z5,yaw5,x6,y6,z6,yaw6,x7,y7,z7,yaw7,x8,y8,z8,yaw8,x9,y9,z9,yaw9,x10,y10,z10,yaw10,x11,y11,z11,yaw11
1,-19.65655047956968,9.766600572701657,0.0,0.0,0.0,15.529142706151246,19.16,-0.7677669529663687,-0.7677669529663689,0.45,0.7853981633974484,0.35295238724369793,-1.4148145657226707,0.45,1.3089969389957472,1.6470476127563018,-1.4148145657226707,0.45,1.8325957145940461,2.767766952966369,-0.7677669529663687,0.45,2.356194490192345,3.4148145657226703,0.3529523872436977,0.45,2.8797932657906435,3.4148145657226707,1.6470476127563012,0.45,-2.879793265790644,2.767766952966369,2.767766952966369,0.45,-2.356194490192345,1.6470476127563023,3.4148145657226703,0.45,-1.8325957145940464,0.35295238724369904,3.414814565722671,0.45,-1.3089969389957476,-0.7677669529663687,2.767766952966369,0.45,-0.7853981633974484,-1.4148145657226703,1.6470476127563036,0.45,-0.26179938779915013,-1.4148145657226712,0.35295238724369915,0.45,0.26179938779914896
2,-19.55399604704233,9.754271255599127,0.0,0.0,0.0,15.591343941749757,19.32,0.23223304703363135,-0.7677669529663689,0.45,1.1610626780902755,0.35295238724369793,-1.4148145657226707,0.45,1.3089969389957472,1.6470476127563018,-1.4148145657226707,0.45,1.8325957145940461,2.767766952966369,-0.7677669529663687,0.45,2.356194490192345,3.4148145657226703,0.3529523872436977,0.45,2.8797932657906435,3.4148145657226707,1.6470476127563012,0.45,-2.879793265790644,2.767766952966369,2.767766952966369,0.45,-2.356194490192345,1.6470476127563023,3.4148145657226703,0.45,-1.8325957145940464,0.35295238724369904,3.414814565722671,0.45,-1.3089969389957476,-0.7677669529663687,2.767766952966369,0.45,-0.7853981633974484,-1.4148145657226703,1.6470476127563036,0.45,-0.26179938779915013,-1.4148145657226712,0.35295238724369915,0.45,0.26179938779914896
3,-19.84728844196939,9.928425129013833,0.0,0.0,0.0,15.591343941749756,20.64,-0.7677669529663687,0.23223304703363112,0.45,0.40973364870462115,0.35295238724369793,-1.4148145657226707,0.45,1.3089969389957472,1.6470476127563018,-1.4148145657226707,0.45,1.8325957145940461,2.767766952966369,-0.7677669529663687,0.45,2.356194490192345,3.4148145657226703,0.3529523872436977,0.45,2.8797932657906435,3.4148145657226707,1.6470476127563012,0.45,-2.879793265790644,2.767766952966369,2.767766952966369,0.45,-2.356194490192345,1.6470476127563023,3.4148145657226703,0.45,-1.8325957145940464,0.35295238724369904,3.414814565722671,0.45,-1.3089969389957476,-0.7677669529663687,2.767766952966369,0.45,-0.7853981633974484,-1.4148145657226703,1.6470476127563036,0.45,-0.26179938779915013,-1.4148145657226712,0.35295238724369915,0.45,0.26179938779914896
4,471.1258835550784,0.0,29.655035891481994,102.95238724369804,18.518460419898375,15.284349417906503,0.0,-0.7677669529663687,0.23223304703363112,0.45,0.40973364870462115,1.352952387243698,-1.4148145657226707,0.45,1.7159299270722659,1.6470476127563018,-1.4148145657226707,0.45,1.8325957145940461,2.767766952966369,-0.7677669529663687,0.45,2.356194490192345,3.4148145657226703,0.3529523872436977,0.45,2.8797932657906435,3.4148145657226707,1.6470476127563012,0.45,-2.879793265790644,2.767766952966369,2.767766952966369,0.45,-2.356194490192345,1.6470476127563023,3.4148145657226703,0.45,-1.8325957145940464,0.35295238724369904,3.414814565722671,0.45,-1.3089969389957476,-0.7677669529663687,2.767766952966369,0.45,-0.7853981633974484,-1.4148145657226703,1.6470476127563036,0.45,-0.26179938779915013,-1.4148145657226712,0.35295238724369915,0.45,0.26179938779914896
5,639.8513033189381,0.0,319.8513033189381,0.0,0.0,15.234610457162084,0.0,-0.7677669529663687,0.23223304703363112,0.45,0.40973364870462115,0.35295238724369793,-0.4148145657226707,0.45,1.1418573975579787,1.6470476127563018,-1.4148145657226707,0.45,1.8325957145940461,2.767766952966369,-0.7677669529663687,0.45,2.356194490192345,3.4148145657226703,0.3529523872436977,0.45,2.8797932657906435,3.4148145657226707,1.6470476127563012,0.45,-2.879793265790644,2.767766952966369,2.767766952966369,0.45,-2.356194490192345,1.6470476127563023,3.4148145657226703,0.45,-1.8325957145940464,0.35295238724369904,3.414814565722671,0.45,-1.3089969389957476,-0.7677669529663687,2.767766952966369,0.45,-0.7853981633974484,-1.4148145657226703,1.6470476127563036,0.45,-0.26179938779915013,-1.4148145657226712,0.35295238724369915,0.45,0.26179938779914896
6,-20.72549064709096,10.282256651406335,0.0,0.0,0.0,15.955461274818635,21.0,-0.7677669529663687,0.23223304703363112,0.45,0.40973364870462115,0.35295238724369793,-1.4148145657226707,0.45,1.3089969389957472,2.647047612756302,-1.4148145657226707,0.45,2.169380050354958,2.767766952966369,-0.7677669529663687,0.45,2.356194490192345,3.4148145657226703,0.3529523872436977,0.45,2.8797932657906435,3.4148145657226707,1.6470476127563012,0.45,-2.879793265790644,2.767766952966369,2.767766952966369,0.45,-2.356194490192345,1.6470476127563023,3.4148145657226703,0.45,-1.8325957145940464,0.35295238724369904,3.414814565722671,0.45,-1.3089969389957476,-0.7677669529663687,2.767766952966369,0.45,-0.7853981633974484,-1.4148145657226703,1.6470476127563036,0.45,-0.26179938779915013,-1.4148145657226712,0.35295238724369915,0.45,0.26179938779914896
7,45.24900052561246,9.568312813537288,0.0,63.486899413352724,0.25732564142302294,15.878752948312071,20.92,-0.7677669529663687,0.23223304703363112,0.45,0.40973364870462115,0.35295238724369793,-1.4148145657226707,0.45,1.3089969389957472,2.647047612756302,-0.4148145657226707,0.45,2.43189654235461,2.767766952966369,-0.7677669529663687,0.45,2.356194490192345,3.4148145657226703,0.3529523872436977,0.45,2.8797932657906435,3.4148145657226707,1.6470476127563012,0.45,-2.879793265790644,2.767766952966369,2.767766952966369,0.45,-2.356194490192345,1.6470476127563023,3.4148145657226703,0.45,-1.8325957145940464,0.35295238724369904,3.414814565722671,0.45,-1.3089969389957476,-0.7677669529663687,2.767766952966369,0.45,-0.7853981633974484,-1.4148145657226703,1.6470476127563036,0.45,-0.26179938779915013,-1.4148145657226712,0.35295238724369915,0.45,0.26179938779914896
8,-22.819869353939986,11.049995523510558,0.0,0.0,0.0,16.4722326425876,21.52,-0.7677669529663687,0.23223304703363112,0.45,0.40973364870462115,0.35295238724369793,-1.4148145657226707,0.45,1.3089969389957472,2.647047612756302,-1.4148145657226707,0.45,2.169380050354958,3.767766952966369,-0.7677669529663687,0.45,2.573203742698771,3.4148145657226703,0.3529523872436977,0.45,2.8797932657906435,3.4148145657226707,1.6470476127563012,0.45,-2.879793265790644,2.767766952966369,2.767766952966369,0.45,-2.356194490192345,1.6470476127563023,3.4148145657226703,0.45,-1.8325957145940464,0.35295238724369904,3.414814565722671,0.45,-1.3089969389957476,-0.7677669529663687,2.767766952966369,0.45,-0.7853981633974484,-1.4148145657226703,1.6470476127563036,0.45,-0.26179938779915013,-1.4148145657226712,0.35295238724369915,0.45,0.26179938779914896
9,41.49568721682793,10.769809877029575,0.0,63.48689941335253,0.0,16.36835881994008,21.44,-0.7677669529663687,0.23223304703363112,0.45,0.40973364870462115,0.35295238724369793,-1.4148145657226707,0.45,1.3089969389957472,2.647047612756302,-1.4148145657226707,0.45,2.169380050354958,3.767766952966369,0.23223304703363135,0.45,2.8710004453121556,3.4148145657226703,0.3529523872436977,0.45,2.8797932657906435,3.4148145657226707,1.6470476127563012,0.45,-2.879793265790644,2.767766952966369,2.767766952966369,0.45,-2.356194490192345,1.6470476127563023,3.4148145657226703,0.45,-1.8325957145940464,0.35295238724369904,3.414814565722671,0.45,-1.3089969389957476,-0.7677669529663687,2.767766952966369,0.45,-0.7853981633974484,-1.4148145657226703,1.6470476127563036,0.45,-0.26179938779915013,-1.4148145657226712,0.35295238724369915,0.45,0.26179938779914896
10,-23.822727597827928,11.46533586802306,0.0,0.0,0.0,16.93269435969172,22.0,-0.7677669529663687,0.23223304703363112,0.45,0.40973364870462115,0.35295238724369793,-1.4148145657226707,0.45,1.3089969389957472,2.647047612756302,-1.4148145657226707,0.45,2.169380050354958,3.767766952966369,-0.7677669529663687,0.45,2.573203742698771,4.41481456572267,0.3529523872436977,0.45,2.9543302202638797,3.4148145657226707,1.6470476127563012,0.45,-2.879793265790644,2.767766952966369,2.767766952966369,0.45,-2.356194490192345,1.6470476127563023,3.4148145657226703,0.45,-1.8325957145940464,0.35295238724369904,3.414814565722671,0.45,-1.3089969389957476,-0.7677669529663687,2.767766952966369,0.45,-0.7853981633974484,-1.4148145657226703,1.6470476127563036,0.45,-0.26179938779915013,-1.4148145657226712,0.35295238724369915,0.45,0.26179938779914896
11,-24.67060886733598,11.801867696974012,0.0,0.0,0.0,17.262735525961734,22.32,-0.7677669529663687,0.23223304703363112,0.45,0.40973364870462115,0.35295238724369793,-1.4148145657226707,0.45,1.3089969389957472,2.647047612756302,-1.4148145657226707,0.45,2.169380050354958,3.767766952966369,-0.7677669529663687,0.45,2.573203742698771,4.41481456572267,1.3529523872436977,0.45,-3.0385992117283913,3.4148145657226707,1.6470476127563012,0.45,-2.879793265790644,2.767766952966369,2.767766952966369,0.45,-2.356194490192345,1.6470476127563023,3.4148145657226703,0.45,-1.8325957145940464,0.35295238724369904,3.414814565722671,0.45,-1.3089969389957476,-0.7677669529663687,2.767766952966369,0.45,-0.7853981633974484,-1.4148145657226703,1.6470476127563036,0.45,-0.26179938779915013,-1.4148145657226712,0.35295238724369915,0.45,0.26179938779914896
12,77.45685288608075,12.049317827931157,0.0,102.95238724369827,0.0,17.21256538352439,22.28,-0.7677669529663687,0.23223304703363112,0.45,0.40973364870462115,0.35295238724369793,-1.4148145657226707,0.45,1.3089969389957472,2.647047612756302,-1.4148145657226707,0.45,2.169380050354958,3.767766952966369,-0.7677669529663687,0.45,2.573203742698771,4.41481456572267,1.3529523872436977,0.45,-3.0385992117283913,4.41481456572267,1.6470476127563012,0.45,-2.9543302202638797,2.767766952966369,2.767766952966369,0.45,-2.356194490192345,1.6470476127563023,3.4148145657226703,0.45,-1.8325957145940464,0.35295238724369904,3.414814565722671,0.45,-1.3089969389957476,-0.7677669529663687,2.767766952966369,0.45,-0.7853981633974484,-1.4148145657226703,1.6470476127563036,0.45,-0.26179938779915013,-1.4148145657226712,0.35295238724369915,0.45,0.26179938779914896
13,-25.527498691288873,12.060460408528646,0.0,0.0,0.0,17.2199492320056,22.28,-0.7677669529663687,0.23223304703363112,0.45,0.40973364870462115,0.35295238724369793,-1.4148145657226707,0.45,1.3089969389957472,2.647047612756302,-1.4148145657226707,0.45,2.169380050354958,3.767766952966369,-0.7677669529663687,0.45,2.573203742698771,4.41481456572267,1.3529523872436977,0.45,-3.0385992117283913,3.4148145657226707,2.6470476127563014,0.45,-2.5430089300297323,2.767766952966369,2.767766952966369,0.45,-2.356194490192345,1.6470476127563023,3.4148145657226703,0.45,-1.8325957145940464,0.35295238724369904,3.414814565722671,0.45,-1.3089969389957476,-0.7677669529663687,2.767766952966369,0.45,-0.7853981633974484,-1.4148145657226703,1.6470476127563036,0.45,-0.26179938779915013,-1.4148145657226712,0.35295238724369915,0.45,0.26179938779914896
14,38.67450035050464,11.976671646802854,0.0,63.48689941335256,0.0,17.857900413842412,22.92,-0.7677669529663687,0.23223304703363112,0.45,0.40973364870462115,0.35295238724369793,-1.4148145657226707,0.45,1.3089969389957472,2.647047612756302,-1.4148145657226707,0.45,2.169380050354958,3.767766952966369,-0.7677669529663687,0.45,2.573203742698771,4.41481456572267,1.3529523872436977,0.45,-3.0385992117283913,3.4148145657226707,2.6470476127563014,0.45,-2.5430089300297323,3.767766952966369,2.767766952966369,0.45,-2.573203742698771,1.6470476127563023,3.4148145657226703,0.45,-1.8325957145940464,0.35295238724369904,3.414814565722671,0.45,-1.3089969389957476,-0.7677669529663687,2.767766952966369,0.45,-0.7853981633974484,-1.4148145657226703,1.6470476127563036,0.45,-0.26179938779915013,-1.4148145657226712,0.35295238724369915,0.45,0.26179938779914896
15,-26.15018590789935,12.368295689933321,0.0,0.0,0.0,17.736720599774564,22.8,-0.7677669529663687,0.23223304703363112,0.45,0.40973364870462115,0.35295238724369793,-1.4148145657226707,0.45,1.3089969389957472,2.647047612756302,-1.4148145657226707,0.45,2.169380050354958,3.767766952966369,-0.7677669529663687,0.45,2.573203742698771,4.41481456572267,1.3529523872436977,0.45,-3.0385992117283913,3.4148145657226707,2.6470476127563014,0.45,-2.5430089300297323,2.767766952966369,3.767766952966369,0.45,-2.1391852376859193,1.6470476127563023,3.4148145657226703,0.45,-1.8325957145940464,0.35295238724369904,3.414814565722671,0.45,-1.3089969389957476,-0.7677669529663687,2.767766952966369,0.45,-0.7853981633974484,-1.4148145657226703,1.6470476127563036,0.45,-0.26179938779915013,-1.4148145657226712,0.35295238724369915,0.45,0.26179938779914896
16,36.923960887973045,12.540724988336917,0.0,63.486899413352475,0.0,17.93476287459741,23.0,-0.7677669529663687,0.23223304703363112,0.45,0.40973364870462115,0.35295238724369793,-1.4148145657226707,0.45,1.3089969389957472,2.647047612756302,-1.4148145657226707,0.45,2.169380050354958,3.767766952966369,-0.7677669529663687,0.45,2.573203742698771,4.41481456572267,1.3529523872436977,0.45,-3.0385992117283913,3.4148145657226707,2.6470476127563014,0.45,-2.5430089300297323,2.767766952966369,3.767766952966369,0.45,-2.1391852376859193,2.6470476127563023,3.4148145657226703,0.45,-2.169380050354958,0.35295238724369904,3.414814565722671,0.45,-1.3089969389957476,-0.7677669529663687,2.767766952966369,0.45,-0.7853981633974484,-1.4148145657226703,1.6470476127563036,0.45,-0.26179938779915013,-1.4148145657226712,0.35295238724369915,0.45,0.26179938779914896
17,-27.812039982114708,12.98707223142314,0.0,0.0,0.0,18.197182316878678,23.240000000000002,-0.7677669529663687,0.23223304703363112,0.45,0.40973364870462115,0.35295238724369793,-1.4148145657226707,0.45,1.3089969389957472,2.647047612756302,-1.4148145657226707,0.45,2.169380050354958,3.767766952966369,-0.7677669529663687,0.45,2.573203742698771,4.41481456572267,1.3529523872436977,0.45,-3.0385992117283913,3.4148145657226707,2.6470476127563014,0.45,-2.5430089300297323,2.767766952966369,3.767766952966369,0.45,-2.1391852376859193,1.6470476127563023,4.41481456572267,0.45,-1.7580587601208102,0.35295238724369904,3.414814565722671,0.45,-1.3089969389957476,-0.7677669529663687,2.767766952966369,0.45,-0.7853981633974484,-1.4148145657226703,1.6470476127563036,0.45,-0.26179938779915013,-1.4148145657226712,0.35295238724369915,0.45,0.26179938779914896
18,-26.58383154528881,12.677326027144733,0.0,0.0,0.0,18.527223483148692,23.6,-0.7677669529663687,0.23223304703363112,0.45,0.40973364870462115,0.35295238724369793,-1.4148145657226707,0.45,1.3089969389957472,2.647047612756302,-1.4148145657226707,0.45,2.169380050354958,3.767766952966369,-0.7677669529663687,0.45,2.573203742698771,4.41481456572267,1.3529523872436977,0.45,-3.0385992117283913,3.4148145657226707,2.6470476127563014,0.45,-2.5430089300297323,2.767766952966369,3.767766952966369,0.45,-2.1391852376859193,1.6470476127563023,4.41481456572267,0.45,-1.7580587601208102,1.352952387243699,3.414814565722671,0.45,-1.7159299270722663,-0.7677669529663687,2.767766952966369,0.45,-0.7853981633974484,-1.4148145657226703,1.6470476127563036,0.45,-0.26179938779915013,-1.4148145657226712,0.35295238724369915,0.45,0.26179938779914896
19,-28.512769368626984,13.284289771675047,0.0,0.0,0.0,18.55391580146635,23.6,-0.7677669529663687,0.23223304703363112,0.45,0.40973364870462115,0.35295238724369793,-1.4148145657226707,0.45,1.3089969389957472,2.647047612756302,-1.4148145657226707,0.45,2.169380050354958,3.767766952966369,-0.7677669529663687,0.45,2.573203742698771,4.41481456572267,1.3529523872436977,0.45,-3.0385992117283913,3.4148145657226707,2.6470476127563014,0.45,-2.5430089300297323,2.767766952966369,3.767766952966369,0.45,-2.1391852376859193,1.6470476127563023,4.41481456572267,0.45,-1.7580587601208102,0.35295238724369904,4.414814565722671,0.45,-1.3835338934689834,-0.7677669529663687,2.767766952966369,0.45,-0.7853981633974484,-1.4148145657226703,1.6470476127563036,0.45,-0.26179938779915013,-1.4148145657226712,0.35295238724369915,0.45,0.26179938779914896
20,-26.74248208505425,12.809414134066328,0.0,0.0,0.0,18.911286287915996,23.96,-0.7677669529663687,0.23223304703363112,0.45,0.40973364870462115,0.35295238724369793,-1.4148145657226707,0.45,1.3089969389957472,2.647047612756302,-1.4148145657226707,0.45,2.169380050354958,3.767766952966369,-0.7677669529663687,0.45,2.573203742698771,4.41481456572267,1.3529523872436977,0.45,-3.0385992117283913,3.4148145657226707,2.6470476127563014,0.45,-2.5430089300297323,2.767766952966369,3.767766952966369,0.45,-2.1391852376859193,1.6470476127563023,4.41481456572267,0.45,-1.7580587601208102,0.35295238724369904,4.414814565722671,0.45,-1.3835338934689834,0.23223304703363135,2.767766952966369,0.45,-1.1610626780902755,-1.4148145657226703,1.6470476127563036,0.45,-0.26179938779915013,-1.4148145657226712,0.35295238724369915,0.45,0.26179938779914896
21,-27.891581176595217,13.140333092401898,0.0,0.0,0.0,18.778969438181722,23.84,-0.7677669529663687,0.23223304703363112,0.45,0.40973364870462115,0.35295238724369793,-1.4148145657226707,0.45,1.3089969389957472,2.647047612756302,-1.4148145657226707,0.45,2.169380050354958,3.767766952966369,-0.7677669529663687,0.45,2.573203742698771,4.41481456572267,1.3529523872436977,0.45,-3.0385992117283913,3.4148145657226707,2.6470476127563014,0.45,-2.5430089300297323,2.767766952966369,3.767766952966369,0.45,-2.1391852376859193,1.6470476127563023,4.41481456572267,0.45,-1.7580587601208102,0.35295238724369904,4.414814565722671,0.45,-1.3835338934689834,-0.7677669529663687,3.767766952966369,0.45,-1.0024074159038743,-1.4148145657226703,1.6470476127563036,0.45,-0.26179938779915013,-1.4148145657226712,0.35295238724369915,0.45,0.26179938779914896
22,636.3688264320808,0.0,316.3688264320808,0.0,0.0,18.776154920246157,0.0,-0.7677669529663687,0.23223304703363112,0.45,0.40973364870462115,0.35295238724369793,-1.4148145657226707,0.45,1.3089969389957472,2.647047612756302,-1.4148145657226707,0.45,2.169380050354958,3.767766952966369,-0.7677669529663687,0.45,2.573203742698771,4.41481456572267,1.3529523872436977,0.45,-3.0385992117283913,3.4148145657226707,2.6470476127563014,0.45,-2.5430089300297323,2.767766952966369,3.767766952966369,0.45,-2.1391852376859193,1.6470476127563023,4.41481456572267,0.45,-1.7580587601208102,0.35295238724369904,4.414814565722671,0.45,-1.3835338934689834,-0.7677669529663687,2.767766952966369,0.45,-0.7853981633974484,-0.4148145657226703,1.6470476127563036,0.45,-0.42893892923691906,-1.4148145657226712,0.35295238724369915,0.45,0.26179938779914896
23,-27.954254302880578,13.18914714692131,0.0,0.0,0.0,18.918033134535232,23.96,-0.7677669529663687,0.23223304703363112,0.45,0.40973364870462115,0.35295238724369793,-1.4148145657226707,0.45,1.3089969389957472,2.647047612756302,-1.4148145657226707,0.45,2.169380050354958,3.767766952966369,-0.7677669529663687,0.45,2.573203742698771,4.41481456572267,1.3529523872436977,0.45,-3.0385992117283913,3.4148145657226707,2.6470476127563014,0.45,-2.5430089300297323,2.767766952966369,3.767766952966369,0.45,-2.1391852376859193,1.6470476127563023,4.41481456572267,0.45,-1.7580587601208102,0.35295238724369904,4.414814565722671,0.45,-1.3835338934689834,-0.7677669529663687,2.767766952966369,0.45,-0.7853981633974484,-1.4148145657226703,2.6470476127563036,0.45,-0.5985837235600617,-1.4148145657226712,0.35295238724369915,0.45,0.26179938779914896
24,699.855725845434,0.0,316.36882643208116,63.48689941335278,0.0,18.610079862000124,0.0,-0.7677669529663687,0.23223304703363112,0.45,0.40973364870462115,0.35295238724369793,-1.4148145657226707,0.45,1.3089969389957472,2.647047612756302,-1.4148145657226707,0.45,2.169380050354958,3.767766952966369,-0.7677669529663687,0.45,2.573203742698771,4.41481456572267,1.3529523872436977,0.45,-3.0385992117283913,3.4148145657226707,2.6470476127563014,0.45,-2.5430089300297323,2.767766952966369,3.767766952966369,0.45,-2.1391852376859193,1.6470476127563023,4.41481456572267,0.45,-1.7580587601208102,0.35295238724369904,4.414814565722671,0.45,-1.3835338934689834,-0.7677669529663687,2.767766952966369,0.45,-0.7853981633974484,-1.4148145657226703,1.6470476127563036,0.45,-0.26179938779915013,-0.41481456572267117,0.35295238724369915,0.45,0.42893892923691723
25,74.49237733942068,13.148409105773668,0.0,102.9523872436977,0.0,18.18979846839747,22.6,-0.7677669529663687,0.23223304703363112,0.45,0.40973364870462115,0.35295238724369793,-1.4148145657226707,0.45,1.3089969389957472,2.647047612756302,-1.4148145657226707,0.45,2.169380050354958,3.767766952966369,-0.7677669529663687,0.45,2.573203742698771,4.41481456572267,1.3529523872436977,0.45,-3.0385992117283913,3.4148145657226707,2.6470476127563014,0.45,-2.5430089300297323,2.767766952966369,3.767766952966369,0.45,-2.1391852376859193,1.6470476127563023,4.41481456572267,0.45,-1.7580587601208102,0.35295238724369904,4.414814565722671,0.45,-1.3835338934689834,-0.7677669529663687,2.767766952966369,0.45,-0.7853981633974484,-1.4148145657226703,1.6470476127563036,0.45,-0.26179938779915013,-1.4148145657226712,1.352952387243699,0.45,-0.14513360027736977
26,-6.336201715634158,13.304840212776545,0.0,0.0,21.165448875288195,20.24367617992518,24.76,-0.7678459230137569,0.2323799210941494,0.45,0.40964742705650864,-0.02511196066850485,-1.9228026435604262,0.45,1.233472116736408,2.6477238552944917,-1.4656169402854045,0.45,2.1599154050010596,3.769379688580548,-0.817291897184062,0.45,2.5608649532507197,4.415586797220538,1.3536052817347748,0.45,-3.038433205109913,3.336173298879752,2.647707444109627,0.45,-2.5273172294771618,2.7183294515166123,3.7682464411541727,0.45,-2.1263181007178247,1.598478592006135,4.416094244150593,0.45,-1.7442300453964716,0.3520066292099553,4.41535414876648,0.45,-1.3832954865504528,-0.7691301282795102,2.7672886190733053,0.45,-0.7848774363084582,-1.9267937150777616,1.6466175390859406,0.45,-0.21743752461494112,-1.9756805679582317,0.27363527616127736,0.45,0.23941840774515083
27,126.20433128564639,13.3173323288942,0.0,154.87355424753667,0.0,18.404480981142306,23.72,-1.2677669420586648,0.23223304703363112,0.45,0.3264439024115658,0.3530568271969778,-1.4148145657226707,0.45,1.3090372919313058,2.647047612756302,-1.4148145657226707,0.45,2.169380050354958,3.767766952966369,-0.7677669529663687,0.45,2.573203742698771,4.41481456572267,1.3529523872436977,0.45,-3.0385992117283913,3.4148145657226707,2.6470476127563014,0.45,-2.5430089300297323,2.767766952966369,3.767766952966369,0.45,-2.1391852376859193,1.6470476127563023,4.41481456572267,0.45,-1.7580587601208102,0.35295238724369904,4.414814565722671,0.45,-1.3835338934689834,-0.7677669529663687,2.767766952966369,0.45,-0.7853981633974484,-1.4148145657226703,1.6470476127563036,0.45,-0.26179938779915013,-1.4148145657226712,0.35295238724369915,0.45,0.26179938779914896
28,359.71966708483586,0.0,20.95971731422841,0.0,18.759949770607463,18.809654400458744,0.0,-0.6723398749548397,0.23229175013806994,0.45,0.4303645598261085,1.2770627598498887,-1.6178489005926595,0.45,1.676239835199786,2.6473178955836794,-1.4351194247915384,0.45,2.1655643815832883,3.7684115364064756,-0.7875612445007542,0.45,2.568246753390085,4.415123213731109,1.3532133382473126,0.45,-3.038532851970042,3.3833829672199105,2.647311336307687,0.45,-2.536820736011306,2.7480076108432034,3.767958596372063,0.45,-2.1340669355277075,1.6276353878370269,4.415326031778265,0.45,-1.7525387969487352,0.35257438358237997,4.415030228036781,0.45,-1.3834385945888863,-0.7683117913298849,2.7675757709129685,0.45,-0.7851900062110758,-1.6194440650980741,1.646875719506409,0.45,-0.2421074632585022,-1.6389833222017491,0.32125066510688166,0.45,0.2517445736560253
29,355.52991955995833,0.0,35.52991955995832,0.0,0.0,19.075358814439596,0.0,-0.7677669529663687,0.7322330261347447,0.45,0.15032912182914707,0.35295238724369793,-1.4146700012527678,0.45,1.3089819717445237,2.647047612756302,-1.4148145657226707,0.45,2.169380050354958,3.767766952966369,-0.7677669529663687,0.45,2.573203742698771,4.41481456572267,1.3529523872436977,0.45,-3.0385992117283913,3.4148145657226707,2.6470476127563014,0.45,-2.5430089300297323,2.767766952966369,3.767766952966369,0.45,-2.1391852376859193,1.6470476127563023,4.41481456572267,0.45,-1.7580587601208102,0.35295238724369904,4.414814565722671,0.45,-1.3835338934689834,-0.7677669529663687,2.767766952966369,0.45,-0.7853981633974484,-1.4148145657226703,1.6470476127563036,0.45,-0.26179938779915013,-1.4148145657226712,0.35295238724369915,0.45,0.26179938779914896
30,-13.601138294724349,13.341709666781956,0.0,0.0,15.050586809679789,18.899491658596244,22.96,-0.5775404804642466,-0.24032939214675808,0.45,0.6662957548434076,0.057180949056616415,-0.8941539435070514,0.45,1.1089486763526477,2.6475875901713333,-1.4553800926522358,0.45,2.1618006695945793,3.769054716984298,-0.807312456018932,0.45,2.563334257765156,4.415431190002386,1.353473721320853,0.45,-3.038466649498363,3.3520197760036945,2.647574485894864,0.45,-2.530535580481433,2.7282912726728417,3.7681498226877586,0.45,-2.1289272921008338,1.6082654114095805,4.415836384686369,0.45,-1.7470213147672222,0.3521972026028845,4.415245420986481,0.45,-1.3833435185438265,-0.7688554439148907,2.767385004945486,0.45,-0.7849823435724335,-1.8236282117244607,1.646704200362553,0.45,-0.22514983229494406,-1.8626642009689307,0.2896179381498663,0.45,0.24324065928358485
31,1.2190650048343041,13.206985983074226,0.0,0.0,29.40948620779995,18.655867885743756,23.72,-0.7677669529663687,0.23223304703363112,0.45,0.40973364870462115,0.35295238724369793,-1.4148145657226707,0.45,1.3089969389957472,3.147047249321697,-1.4148145657226707,0.45,2.2975648241147253,3.767766952966369,-0.7677669529663687,0.45,2.573203742698771,4.41481456572267,1.3529523872436977,0.45,-3.0385992117283913,3.4148145657226707,2.6470476127563014,0.45,-2.5430089300297323,2.767766952966369,3.767766952966369,0.45,-2.1391852376859193,1.6470476127563023,4.41481456572267,0.45,-1.7580587601208102,0.35295238724369904,4.414814565722671,0.45,-1.3835338934689834,-0.7677669529663687,2.767766952966369,0.45,-0.7853981633974484,-1.4148145657226703,1.6470476127563036,0.45,-0.26179938779915013,-1.4142117104560348,0.35295238724369915,0.45,0.26186181450961205
32,-24.685140119133344,12.960725042555067,0.0,0.0,2.486440374578125,19.085479284929498,23.8,-0.6469035650868276,-0.3078526542712925,0.45,0.6711503408469003,0.09330753129452213,-1.707657025575597,0.45,1.2476702645905566,2.605925583068293,-1.4592807320145584,0.45,2.149281971863637,3.7691785438737266,-0.8111150134484832,0.45,2.5623923466059475,4.415490482439075,1.35352385098454,0.45,-3.0384539054915187,3.3459816483848446,2.6476251481753463,0.45,-2.529312675537736,2.724495429155888,3.7681866381026916,0.45,-2.127934066191832,1.6045362504056273,4.415934639228405,0.45,-1.7459580070217378,0.35212458668590413,4.415286850523545,0.45,-1.3833252160117167,-0.768960109402084,2.7673482781580536,0.45,-0.7849423685527221,-1.8629383038186187,1.6466711790264095,0.45,-0.2221487819566536,-0.8508743063829627,0.2651360878794324,0.45,0.37794868052263525
33,-27.10529046997258,12.927724618760367,0.0,0.0,0.0,18.91085662012119,24.04,-0.7677669529663687,0.2821555914159199,0.45,0.3857316946587872,0.35295238724369793,-1.3893393472275868,0.45,1.3063333390791418,2.6470212080834012,-1.9111805162992477,0.45,2.0856566215796684,3.767766952966369,-0.7677669529663687,0.45,2.573203742698771,4.41481456572267,1.3529523872436977,0.45,-3.0385992117283913,3.4148145657226707,2.6470476127563014,0.45,-2.5430089300297323,2.767766952966369,3.767766952966369,0.45,-2.1391852376859193,1.6470476127563023,4.41481456572267,0.45,-1.7580587601208102,0.35295238724369904,4.414814565722671,0.45,-1.3835338934689834,-0.7677669529663687,2.767766952966369,0.45,-0.7853981633974484,-1.4148145657226703,1.6470476127563036,0.45,-0.26179938779915013,-1.3929149032588244,0.35295238724369915,0.45,0.26408595122024014
34,-23.443503677801626,13.277602010303074,0.0,0.0,4.315224872870704,19.443195764595032,25.04,-0.9782192186944093,0.7998684299000962,0.45,0.10082449764210558,0.07233972162597074,-1.0407175089242349,0.45,1.1441438941178845,2.6018260968544844,-1.3040082944583942,0.45,2.178316815828676,3.769344344605356,-0.8162065311858036,0.45,2.5611331005013547,4.415569873348662,1.3535909731980917,0.45,-3.0384368423693133,3.3378967648712754,2.6476929835478473,0.45,-2.527668663219528,2.719412901159212,3.768235932910623,0.45,-2.126602278898504,1.5995430084234303,4.4160661993041765,0.45,-1.7445337371208853,0.3520273560099269,4.415342323511586,0.45,-1.3833007103289265,-0.7691002535535935,2.7672991020198596,0.45,-0.7848888455300663,-1.915573414493782,1.6466269643835543,0.45,-0.21825112087807752,-1.053095883779875,0.27537355364566063,0.45,0.3392945070555443
35,-27.214066139059106,12.957008025002859,0.0,0.0,0.0,18.912719081900075,23.96,-0.7677669529663687,0.23223304703363112,0.45,0.40973364870462115,0.35295238724369793,-1.4148145657226707,0.45,1.3089969389957472,2.647047612756302,-1.4148145657226707,0.45,2.169380050354958,4.267764472355849,-0.7677669529663687,0.45,2.645707645047908,4.41481456572267,1.3529523872436977,0.45,-3.0385992117283913,3.4148145657226707,2.6470476127563014,0.45,-2.5430089300297323,2.767766952966369,3.767766952966369,0.45,-2.1391852376859193,1.6470476127563023,4.41481456572267,0.45,-1.7580587601208102,0.35295238724369904,4.414814565722671,0.45,-1.3835338934689834,-0.7677669529663687,2.767766952966369,0.45,-0.7853981633974484,-1.413239572273159,1.6470476127563036,0.45,-0.2619625424025529,-1.4148145657226712,0.35295238724369915,0.45,0.26179938779914896
36,13.85636141858648,13.02031763190897,0.0,0.0,41.23731990163342,18.936115878123534,24.080000000000002,-0.7066957205861694,0.20438620208725367,0.45,0.43622089791320884,-0.38142768102274915,-1.385514364655148,0.45,1.0458936834134887,2.530945357495554,-1.3845474829136961,0.45,2.1415466339781926,3.7609885599507065,-0.8931662786437855,0.45,2.5405393515043144,4.416769889663546,1.3546055446619008,0.45,-3.038179032312618,3.2156914372003653,2.6487183346132337,0.45,-2.501871762340775,2.642589036203346,3.768981038037451,0.45,-2.106208700426954,1.5240687271242104,4.418054767493319,0.45,-1.7229352192644067,0.3505576865214902,4.416180813598554,0.45,-1.3829304246061942,-0.7712185725037206,2.7665557906200733,0.45,-0.7840801654967583,-0.8706652086066263,1.645958647405468,0.45,-0.332490190167679,-1.2797749383569943,0.15211799153603026,0.45,0.3560630854331482
37,-14.756297481223097,12.943977261346486,0.0,0.0,12.48136448129391,18.8141305475835,23.88,-0.7677669529663687,0.23223304703363115,0.45,0.40973364870462115,0.35295238724369793,-1.4148145657226707,0.45,1.3089969389957472,2.647047612756302,-1.4148145657226707,0.45,2.169380050354958,3.767766952966369,-1.1908589376824565,0.45,2.4720180987174025,4.41481456572267,1.3529523872436977,0.45,-3.0385992117283913,3.6812600056705174,2.6470476127563014,0.45,-2.5907383968686113,2.767766952966369,3.767766952966369,0.45,-2.1391852376859193,1.6470476127563023,4.41481456572267,0.45,-1.7580587601208102,0.35295238724369904,4.414814565722671,0.45,-1.3835338934689834,-0.7677669529663687,2.767766952966369,0.45,-0.7853981633974484,-1.4148145657226703,1.6470476127563036,0.45,-0.26179938779915013,-1.4148145657226712,0.35295238724369915,0.45,0.26179938779914896
38,-19.137830521697712,12.955290752743917,0.0,0.0,8.06927186942703,18.899656035311597,24.0,-0.8445467600984783,0.1753176423115344,0.45,0.4204331175087586,0.03443139986366889,-1.665187854358337,0.45,1.2232157265260264,2.601878195663264,-1.4040521443146552,0.45,2.1585618218302383,3.765915948517248,-0.27048433195246513,0.45,2.711002216885402,4.415575475792102,1.353595709866395,0.45,-3.038435638294212,4.16528222758151,2.6476977705422233,0.45,-2.661638012254879,2.7190542382369283,3.7682394115377704,0.45,-2.1265082160086517,1.5991906462205707,4.41607548321196,0.45,-1.7444332066719765,0.35202049465305796,4.415346238119437,0.45,-1.3832989810549845,-0.7691101432208917,2.767295631766977,0.45,-0.784885068631142,-1.4528352162598606,1.6466238442525831,0.45,-0.25775867219581394,-1.3718217424747288,0.2747981178729441,0.45,0.29673034282964583
39,-27.410740114314976,13.059633890787763,0.0,0.0,0.0,19.096176672411747,24.16,-0.7677669529663687,0.23223304703363112,0.45,0.40973364870462115,0.35295238724369793,-1.4148145657226707,0.45,1.3089969389957472,2.647047612756302,-1.4148145657226707,0.45,2.169380050354958,3.767766952966369,-0.7677669529663685,0.45,2.573203742698771,4.9147535779827844,1.3529523872436977,0.45,-3.0516762221676617,3.4148145657226707,2.6470476127563014,0.45,-2.5430089300297323,2.7755761795849963,3.767766952966369,0.45,-2.1411866648942155,1.6470476127563023,4.41481456572267,0.45,-1.7580587601208102,0.35295238724369904,4.414814565722671,0.45,-1.3835338934689834,-0.7677669529663687,2.767766952966369,0.45,-0.7853981633974484,-1.4148145657226703,1.6470476127563036,0.45,-0.26179938779915013,-1.4148145657226712,0.35295238724369915,0.45,0.26179938779914896
40,-7.5128398692407545,12.958126597934298,0.0,2.7031450746810846,16.451098053046344,19.693844232843148,24.76,-0.9188222641271019,0.14215981635989944,0.45,0.42041132762385003,0.01610883175028699,-2.031494021045509,0.45,1.2569655869937038,2.6062748639195665,-1.4064670686955636,0.45,2.159363585389143,3.766152795441,-0.7485803247021235,0.45,2.5778794288763516,4.402675972399086,1.3535333849106999,0.45,-3.0380654761599186,3.409902853782111,2.647634783397402,0.45,-2.541894725968781,3.4481682181472944,3.7681936398541835,0.45,-2.294920977282215,1.6038270187245298,4.4159533257999835,0.45,-1.7457557430462984,0.3521107762044527,4.4152947298133345,0.45,-1.3833217352034184,-0.7689800152413214,2.767341293262211,0.45,-0.7849347660647817,-1.4674127265665546,1.6466648988530086,0.45,-0.256317401959682,-1.3931261014971774,0.28236968648264754,0.45,0.29133890031327997
41,-7.625106460505238,13.014202481224425,0.0,0.0,19.937098607512873,18.678485743800106,23.72,-0.7677669529663687,0.23223304703363112,0.45,0.40973364870462115,0.35295238724369793,-1.4148145657226707,0.45,1.3089969389957472,2.647047612756302,-1.4148145657226707,0.45,2.169380050354958,3.767766952966369,-0.7677669529663685,0.45,2.573203742698771,4.41481456572267,1.8529072174124264,0.45,-2.8968335094607047,3.4148145657226707,2.6470476127563014,0.45,-2.5430089300297323,2.767766952966369,3.767766952966369,0.45,-2.1391852376859193,1.6537683114519506,4.41481456572267,0.45,-1.7599579619144297,0.35295238724369904,4.414814565722671,0.45,-1.3835338934689834,-0.7677669529663687,2.767766952966369,0.45,-0.7853981633974484,-1.4148145657226703,1.6470476127563036,0.45,-0.26179938779915013,-1.4148145657226712,0.35295238724369915,0.45,0.26179938779914896
42,-5.1938316075952216,12.906873233734613,0.0,3.0844521517509604,18.394448035693234,19.450525105822706,24.52,-0.9164173161968823,0.14190007278931088,0.45,0.42099171369586336,-0.0021931662106360883,-2.048277567721995,0.45,1.2531551375373418,2.603733123131651,-1.4058554727149963,0.45,2.158749858454529,3.7660470823993695,-0.7471382040654939,0.45,2.5782347589989882,4.411861831846126,1.313809203552312,0.45,-3.0498747628441736,3.409988026154644,2.6476713759903334,0.45,-2.5419008448038265,2.8540721899697674,3.7682202310672004,0.45,-2.160944646356283,2.2965167396229105,4.416024293557971,0.45,-1.9335410312223769,0.3520583268345254,4.415324653736432,0.45,-1.3833085159971532,-0.7690556135272717,2.767314766063487,0.45,-0.7849058938848396,-1.469065761058724,1.646641048045267,0.45,-0.25614416908093446,-1.3911318253373333,0.27797095831720225,0.45,0.29325509034299513
43,-27.650780497321104,13.109252013857404,0.0,0.0,0.0,18.997651894045184,24.0,-0.5839608587698404,0.12093861094291988,0.45,0.506656071715769,0.6660529776930666,-1.3672467794407634,0.45,1.4306513078791478,2.318411353659452,-1.3423184005857038,0.45,2.083463761883593,3.7542882978542154,-0.5481272901535812,0.45,2.6295231497444567,4.3972083474631845,1.118679548898717,0.45,-3.106672421249784,3.4784593759913225,2.6517797740640123,0.45,-2.5537371250906946,3.1155728668132987,3.771205733858476,0.45,-2.2228262659530693,1.9110126339068119,4.423992130129709,0.45,-1.8308391402118878,0.3461696244192556,4.41868433333729,0.45,-1.3818262356709894,-0.7775433381592871,2.7643364504152017,0.45,-0.7816694014618847,-1.6895935803263014,1.64396322161287,0.45,-0.23500378551156043,-1.2084681827370525,-0.2158920033902415,0.45,0.5032722735720855
44,-27.75996048527473,13.091159268031047,0.0,0.0,0.0,18.743498344849247,23.8,-0.6279855738987797,0.19928140372952263,0.45,0.4571033564122074,0.5093145840876618,-1.3946834458483035,0.45,1.3686877763317504,2.4856090589063737,-1.3791245947607453,0.45,2.1289893655473913,3.761133283757165,-0.6594134421541223,0.45,2.6004455433884015,4.406167380328962,1.23786796397148,0.45,-3.0718713561911786,3.4468042882900045,2.649372272501802,0.45,-2.5484667341716882,2.938509323170991,3.7694562435449575,0.45,-2.1814956221820947,1.776616153270221,4.419323016122283,0.45,-1.7941331230809754,0.34962037578509364,4.416715577208372,0.45,-1.3826943896932609,-0.7725695722425656,2.7660817290974062,0.45,-0.783564742886865,-1.5458874332291206,1.6455324150560826,0.45,-0.24832540029144756,-1.3159370704754947,0.07350932299189727,0.45,0.38054949915967134
45,-28.41957718848772,13.25487374444293,0.0,0.0,0.0,18.55203758745933,23.6,-0.767766897839898,0.23296091685957598,0.45,0.4093872044365207,0.353216301902924,-1.416563821408221,0.45,1.3092798205972995,2.6470493404099473,-1.4148943565365726,0.45,2.1693651576845108,3.7677698960754027,-0.7681231836639826,0.45,2.5731128150890052,4.414840932645992,1.3529724501295741,0.45,-3.038594188258179,3.4142489026251908,2.8970233783338886,0.45,-2.4755943424494786,2.766078968451907,3.767766952966369,0.45,-2.138751949874714,1.645555128543689,4.41481456572267,0.45,-1.7576368130603321,0.35295238724369904,4.414814565722671,0.45,-1.3835338934689834,-0.7677669529663687,2.767766952966369,0.45,-0.7853981633974484,-1.4157488853013929,1.6470476127563036,0.45,-0.2617026948244996,-1.4162474572350614,0.35295238724369915,0.45,0.2616511260367272
46,-28.29801919308154,13.345291243659126,0.0,0.0,0.0,19.16582557325534,24.12,-0.7365015682589765,0.32985521451190286,0.45,0.368306874538052,0.3617393747979593,-1.677966449943085,0.45,1.3368236120043648,2.5951887159407527,-1.4152553431501416,0.45,2.154492333678144,3.766073471747077,-0.7889341049853033,0.45,2.5675116324569864,4.41621274835041,1.31898541703212,0.45,-3.0484886188675446,3.335983708824049,2.6397655516832033,0.45,-2.529552914836477,2.554659105347004,3.7683123274129193,0.45,-2.0824949523509133,1.4517848246169662,4.416270084194538,0.45,-1.7022784377661244,0.3518766730189419,4.4154282926326776,0.45,-1.383262734732748,-0.7693174415933376,2.7672228914256856,0.45,-0.7848059038088347,-1.599399450064105,1.64655844285407,0.45,-0.24378656912516009,-1.5987788315538005,0.26273634718506095,0.45,0.276432879297817
47,-28.360140646883153,13.26210607218946,0.0,0.0,0.0,18.669197568246243,23.72,-0.7677669527740814,0.23221465677946593,0.45,0.4097424008931739,0.35295330780743456,-1.414819678552083,0.45,1.3089978239916489,2.647047586471919,-1.4148157159379,0.45,2.1693798211989757,3.767766978905454,-0.7677691054228142,0.45,2.5732031945903984,4.4148146885951896,1.3529524799629395,0.45,-3.0385991885431154,3.414811147810659,2.6470476182484295,0.45,-2.5430082696050076,2.767759086788475,4.017762355794418,0.45,-2.100697840243632,1.6470407153435573,4.41481456572267,0.45,-1.7580568102766592,0.35295238724369904,4.414814565722671,0.45,-1.3835338934689834,-0.7677669529663687,2.767766952966369,0.45,-0.7853981633974484,-1.4148228003462486,1.6470476127563036,0.45,-0.26179853529089797,-1.414792765827022,0.35446814761146483,0.45,0.2612159034456069
48,-28.24912334210728,13.152214294824843,0.0,0.0,0.0,18.37992480266444,23.240000000000002,-0.6655782830944337,0.22728511318142575,0.45,0.4343790998280975,0.2937972253599566,-1.448083258767652,0.45,1.2899492079601986,2.536841927521583,-1.3920948146803334,0.45,2.141857684551887,3.7632992533866014,-0.7056244792400167,0.45,2.5885915542921536,4.409869541293828,1.275103050020289,0.45,-3.06108855110794,3.4178577334821423,2.6462494769503953,0.45,-2.5438205657793476,2.8229477459973458,3.763976198994146,0.45,-2.1538475525610483,1.6814021278357794,4.4178928218290405,0.45,-1.7675795258771703,0.350677373944267,4.41611252836958,0.45,-1.382960571308644,-0.7710460601546824,2.7666163246561006,0.45,-0.7841459994819622,-1.5238640720639531,1.6460130740213395,0.45,-0.2505819555706197,-1.3642921808046002,0.7929245967421431,0.45,0.08736159327641489
49,-27.654335491282907,13.051652650984506,0.0,0.0,0.0,18.717905983735026,23.76,-0.7677676032803749,0.2320339873398181,0.45,0.4098282456891398,0.3498390480877113,-1.4141509556312093,0.45,1.3077254196454269,2.647046752010415,-1.4147690307121668,0.45,2.1693885849905477,3.7677550232517616,-0.7684940143175366,0.45,2.5730152319337383,4.41483441922718,1.3529682284441773,0.45,-3.0385952163958514,3.413660056078459,2.647055114685832,0.45,-2.542784181610594,2.7664959511221396,3.767772388282063,0.45,-2.138858116632481,1.6458691810107153,4.664753150065369,0.45,-1.7452430629916837,0.35295238724369904,4.414814565722671,0.45,-1.3835338934689834,-0.7677669529663687,2.767766952966369,0.45,-0.7853981633974484,-1.41102735777422,1.6470476127563036,0.45,-0.2621920429553926,-1.4141006752508425,0.35205239632046426,0.45,0.26222110197172926
50,-23.717515010380506,13.094617028521677,0.0,0.0,4.1694257057275586,18.559667550322597,23.68,-0.6766945047231906,0.2175739752269068,0.45,0.43661177615479674,0.015344440723161101,-1.379377544136852,0.45,1.1784254877459428,2.5570086782173393,-1.3917306895288184,0.45,2.1478718644455395,3.7630022854362704,-0.7839839691052363,0.45,2.568268344158286,4.412590797770835,1.2908485908935334,0.45,-3.0565700309409722,3.3109934211551297,2.6470911156060355,0.45,-2.522380725469381,2.6967422892265422,3.767456787121184,0.45,-2.1207963544997703,1.5673719755099687,4.399482438647131,0.45,-1.7361715522887085,0.3510951936372416,4.41587414982702,0.45,-1.3830658233112025,-0.7704438326604545,2.7668276443734157,0.45,-0.7843758536734882,-1.149078834129706,1.6462030731992436,0.45,-0.29208823314796695,-1.3128786258507927,0.2527418238402295,0.45,0.31249957220976576
51,-28.501042429646958,13.31153621836605,0.0,0.0,0.0,18.687746938248807,23.76,-0.7677671034088119,0.24139123546456195,0.45,0.4053668680512044,0.352232153103049,-1.412208156671265,0.45,1.3084483150489195,2.6470606538515358,-1.4142369080013688,0.45,2.169495109889832,3.7677530120187455,-0.7667540389146004,0.45,2.5734614338820534,4.414754928940962,1.3529074575738653,0.45,-3.0386104441437527,3.4164229843790133,2.647045501566872,0.45,-2.543319440988338,2.7715848411130026,3.767767059872641,0.45,-2.140164347661917,1.650389944628,4.414816414937612,0.45,-1.759003341676129,0.10346804631809592,4.414814565722671,0.45,-1.3140487842702822,-0.7677669529663687,2.767766952966369,0.45,-0.7853981633974484,-1.41038887161461,1.6470476127563036,0.45,-0.26225835414883814,-1.4256306657689584,0.3532752339332386,0.45,0.2605600228868845
52,-28.268819475325113,13.301087791957551,0.0,0.0,0.0,18.989322917878102,24.0,-0.9150799601025053,0.4600668106268735,0.45,0.2748046021045064,0.30335797242440443,-1.327710766800948,0.45,1.2799983410052376,2.6202687537319305,-1.3904125052513525,0.45,2.16648058667242,3.7662336605531057,-0.722124256601306,0.45,2.584755645641838,4.411686247894704,1.3323004447939253,0.45,-3.0444982756682877,3.46368503506957,2.6468112294472506,0.45,-2.552367400915496,2.903516299599105,3.7675415417229403,0.45,-2.173287658950578,1.7623279069357554,4.413569026227479,0.45,-1.790513845601319,0.3872449741730039,4.415134953783837,0.45,-1.393261977209557,-0.7685763651608724,2.7674829327949664,0.45,-0.7850889399826467,-1.3050691860366872,1.6467922480427772,0.45,-0.27356090798508975,-1.754189161766108,0.35541216410380955,0.45,0.22990111407693214
53,-28.50700011236266,13.304948166904287,0.0,0.0,0.0,18.649668043462125,23.72,-0.7677566863211933,0.24057060537571928,0.45,0.40576096399055744,0.4021033329736979,-1.4067728495949343,0.45,1.3273028654332146,2.6470629228000857,-1.4141235116108402,0.45,2.169517618582358,3.7677324407145,-0.894020376000637,0.45,2.5414664723482505,4.4141778285245055,1.3524559390404147,0.45,-3.038724011662858,3.214335205523359,2.64685838670447,0.45,-2.502119092822073,2.8085302425295886,3.767630589815731,0.45,-2.149598611809268,1.6839785463392352,4.414451724344672,0.45,-1.7684983145849826,0.3532899801606397,4.414814565722671,0.45,-1.383629330012692,-0.7677669529663687,2.767766952966369,0.45,-0.7853981633974484,-1.4038583040771235,1.6470476127563036,0.45,-0.26293848497640504,-1.4275124996239839,0.37553228827810664,0.45,0.25178664993645244
54,-27.746751193351287,13.100623240546573,0.0,0.0,0.0,18.81448635279549,23.84,-0.6784688586946135,0.25954202446702423,0.45,0.41547065529030375,0.5234377388642457,-1.3560503199989782,0.45,1.3712174146105895,2.4987933601943233,-1.3764520427944025,0.45,2.133473502560356,3.7616057474453166,-0.6652450018588385,0.45,2.5989710569414473,4.405842914038094,1.2464113354111992,0.45,-3.069368906567485,3.4488943788419406,2.647982882988966,0.45,-2.5492528213824146,2.9903044832217898,3.7678913946266617,0.45,-2.1942058650322047,1.8243166941261548,4.41140824085746,0.45,-1.807886980652621,0.36780882368518025,4.416561530974668,0.45,-1.3878285360869456,-0.7721803976284338,2.7662182892349505,0.45,-0.7837131913864606,-1.51460328613554,1.645655197322676,0.45,-0.25133293755199654,-1.4088102858170855,0.08655466427125724,0.45,0.3624566514033194
55,-28.387729994522,13.230726890074903,0.0,0.0,0.0,18.557192107435384,23.36,-0.6869462430719236,0.11447013300695212,0.45,0.4833926712695795,0.44582264480871986,-1.4787446291302757,0.45,1.3508416974689768,2.631636474141174,-1.4334572411087043,0.45,2.161449045481621,3.7666657626840285,-0.7479821192955336,0.45,2.5781176930511984,4.414285246158335,1.342080163744656,0.45,-3.041735037666936,3.432749315621272,2.6467235347371547,0.45,-2.546540117453968,2.7648036672029614,3.7674610504752373,0.45,-2.1384745409780397,1.6442665303925923,4.413596778179058,0.45,-1.757337445746408,0.35437559283145315,4.4149975443712055,0.45,-1.3839460336716527,-0.7682292209701089,2.767604744590281,0.45,-0.7852215497952777,-1.2805490837669358,1.6469017699618052,0.45,-0.27639987868638066,-1.5113397469360665,0.3775547873798087,0.45,0.24295773485517483
56,-28.474646512862748,13.296704296372894,0.0,0.0,0.0,18.66161447106103,23.72,-0.7677667444779736,0.2328171788836221,0.45,0.4094556616048183,0.3539505128843535,-1.4134676116219593,0.45,1.3092432918390149,2.6470474138903892,-1.4146794086701833,0.45,2.1694060494062906,3.7677658480208405,-0.7677496646383415,0.45,2.5732079981135016,4.414872613968888,1.3529203942098957,0.45,-3.0386102198412326,3.4148420180709596,2.647045782302731,0.45,-2.5430147393239584,2.7640507613004597,3.767765707577688,0.45,-2.1382312173760423,1.6494275843195838,4.41481132276079,0.45,-1.7587316474943455,0.3529599280221393,4.539723159239557,0.45,-1.389998420225905,-0.7677669529663687,2.767766952966369,0.45,-0.7853981633974484,-1.4144637896458965,1.6470476127563036,0.45,-0.2618357077332497,-1.4146496291458943,0.3531600786390253,0.45,0.2617362121127348
57,-28.701588112974328,13.318197185157711,0.0,0.0,0.0,18.4252857590607,23.52,-0.781356170120296,0.25870115274921207,0.45,0.39434480999722843,0.3985242832992998,-1.34380685685159,0.45,1.319593642844908,2.634433169150789,-1.4049802824732656,0.45,2.1677018484106627,3.7671664837143526,-0.7607071960312178,0.45,2.574919236315005,4.417297925465249,1.3422893022796412,0.45,-3.041761896108113,3.415072102803926,2.64684832396955,0.45,-2.5431148968002057,2.578847652818053,3.7675796568909954,0.45,-2.0892267475690613,1.7809530782549776,4.4140005817667864,0.45,-1.7956773177363308,0.354900903839909,4.405106672694085,0.45,-1.3835648064715205,-0.7681425028748388,2.7676351736948206,0.45,-0.7852546789301136,-1.3991158468845237,1.6469291290029793,0.45,-0.26338851721804446,-1.4150031305113688,0.36311588071943535,0.45,0.257849145673864
58,-28.798787217670792,13.349948088328043,0.0,0.0,0.0,18.43409332995789,23.52,-0.7813553288988198,0.2608703484253549,0.45,0.3933065580935075,0.40255158047574785,-1.3386144849152437,0.45,1.320675056798026,2.634432460336495,-1.4044696854406349,0.45,2.1678003609333136,3.767162268130772,-0.7606504780593217,0.45,2.574933136383821,4.417309496766723,1.3423726937344596,0.45,-3.041738071689623,3.4151621659677143,2.646840861755162,0.45,-2.5431343636625416,2.5781068694713687,3.7675745520710135,0.45,-2.0890255750340754,1.7747495624422105,4.413987260703593,0.45,-1.793950751990982,0.35493003623048913,4.4050980001243625,0.45,-1.3835725997737534,-0.8927817490965566,2.7676351736948206,0.45,-0.7512223164947606,-1.3977775674563948,1.6469291290029793,0.45,-0.26352881263796785,-1.4144152499553864,0.3639666162830887,0.45,0.2575797190902811
59,-29.012849813957907,13.37840280777369,0.0,0.0,0.0,18.236078341835803,23.400000000000002,-0.7801264062753818,0.32445223537504186,0.45,0.3627050154316775,0.5053646903864755,-1.1947528161404355,0.45,1.3491280640842371,2.6179191148608525,-1.386516508545744,0.45,2.166564172664587,3.7663353618113193,-0.7509799654430389,0.45,2.5772896736667867,4.4169561159936706,1.3328615793354603,0.45,-3.0444844047625508,3.4161862767282756,2.6464992522134283,0.45,-2.5434282198297775,2.561556897592356,3.7672742665210968,0.45,-2.084547716960451,1.619548423734586,4.412778679813723,0.45,-1.750378429219335,0.35779346560092073,4.404494210326028,0.45,-1.384352215286319,-0.873597572088324,2.767462738619894,0.45,-0.7562569849531191,-1.3641614022811364,1.6467740913051525,0.45,-0.26704038078801995,-1.4087200010950354,0.3864650205169099,0.45,0.2494105308388393
60,-28.487767757460794,13.212437401469959,0.0,0.0,0.0,18.22406385448616,23.400000000000002,-0.7801264035233297,0.3244811490278534,0.45,0.36269081810051806,0.5053778656696529,-1.194776740153143,0.45,1.3491361148485645,2.6192293231313797,-1.3865139329527487,0.45,2.1669407104146132,3.7663353014487924,-0.7509778599926213,0.45,2.5772902071992703,4.416956079577619,1.3328615330012568,0.45,-3.04448441716673,3.416189619998838,2.64649922237773,0.45,-2.543428872166975,2.561559228912198,3.767274250223208,0.45,-2.0845483584697635,1.619551870550155,4.412778641447281,0.45,-1.7503794089455396,0.35779382061847004,4.404494142395795,0.45,-1.3843523123478054,-0.8735974906345622,2.6424696152928506,0.45,-0.719757826340244,-1.3641422395894722,1.6467740913051525,0.45,-0.26704244385409504,-1.408698125934984,0.3864678231251531,0.45,0.2494116105006096
61,-29.00888710988559,13.393777639437946,0.0,0.0,0.0,18.31040267263168,23.48,-0.7381080009361907,0.36543083240973046,0.45,0.35005595659398614,0.49706154659096063,-1.1842200477380247,0.45,1.3444810396175648,2.853938201157928,-1.3733238897413118,0.45,2.233941469082631,3.764336011551511,-0.7277574432491842,0.45,2.5829809985599974,4.415112003741898,1.300272269016817,0.45,-3.0538936078760406,3.413252714711697,2.6460946771039504,0.45,-2.5429771595768207,2.5708057568846394,3.7668145360403082,0.45,-2.087150430207946,1.6474914726033243,4.410401591158319,0.45,-1.7584210609104063,0.36372399726761107,4.403418708740245,0.45,-1.3859777985923114,-0.8735725344801616,2.77319539274352,0.45,-0.7578801513116458,-1.365235745076381,1.6463434494988287,0.45,-0.266755354138652,-1.4296003160626152,0.38660588246783567,0.45,0.24729927732225424
62,-29.01924687463589,13.378951272393902,0.0,0.0,0.0,18.2267943940492,23.400000000000002,-0.7801263472084733,0.32439872164006794,0.45,0.3627313035753538,0.5056474696548782,-1.1947276217233096,0.45,1.3492482220408484,2.61768435122358,-1.3865128638963973,0.45,2.166497483354524,3.766335963668349,-0.7509381808313432,0.45,2.577300556197705,4.4169517860795535,1.3328587168327306,0.45,-3.044485112341223,3.4162526270260942,2.646502931140773,0.45,-2.543439958720415,2.5618340944381317,3.7672769209734835,0.45,-2.0846232796777877,1.6197613661875827,4.412785746059243,0.45,-1.7504384694738981,0.35778709261881597,4.4044971323316835,0.45,-1.3843505640149907,-0.8736047104484064,2.767460295428569,0.45,-0.7562543932193967,-1.364352467851519,1.5217762009117588,0.45,-0.2172032151159677,-1.4085449943105717,0.3860255445354094,0.45,0.2495992502644517
63,329.2522675071357,0.0,9.252267507135702,0.0,0.0,18.350136151942277,0.0,-0.7263632183643711,0.3549947886060599,0.45,0.3575609630588421,0.573885416641523,-1.1667227273401948,0.45,1.3766112961546486,2.5215049740138573,-1.3683433108877974,0.45,2.141834552491832,3.7638287964080805,-0.7078866717952075,0.45,2.58808465749088,4.413201238030804,1.2880271136002932,0.45,-3.057405898562875,3.4308612361275688,2.6470437069336126,0.45,-2.5460893769369846,2.6550166274579676,3.76743903702346,0.45,-2.109767385422618,1.718990540990932,4.4116585738568155,0.45,-1.7785021028946726,0.3638279329001674,4.403921818982537,0.45,-1.3860340010422934,-0.8756874076946183,2.7708520343432035,0.45,-0.7566568028678,-1.4269232771665439,1.5229862223063786,0.45,-0.2122478202493127,-1.3913290535718423,0.2565712482822451,0.45,0.30141303564482325
64,-28.99327804319649,13.378728002564522,0.0,0.0,0.0,18.229303130019964,23.52,-0.780122300605414,0.3965493313019671,0.45,0.32683641789918283,0.5250203381974935,-1.2536993608717484,0.45,1.363080599347279,2.612246884061669,-1.3798983702948973,0.45,2.166222810679461,3.766149841613674,-0.7478013577579896,0.45,2.578080178213018,4.416923151409887,1.3327969031625382,0.45,-3.04450222408335,3.421233626888836,2.646448062784042,0.45,-2.544413398216253,2.563667257844548,3.76725047465934,0.45,-2.0851296367965766,1.624359704006716,4.41226999449962,0.45,-1.7517692852481836,0.3586245011509192,4.404354028065055,0.45,-1.384580446406883,-0.8734662924788446,2.7674524238071196,0.45,-0.7562890478270613,-1.3052661486860724,1.5217722600874737,0.45,-0.22258881378587228,-1.3545057250620458,0.39064690460442325,0.45,0.2532465058264966
65,-28.954174604025884,13.356034152528158,0.0,0.0,0.0,18.22626936812846,23.36,-0.750170284870747,0.31611624321438625,0.45,0.3725092323238218,0.3200955006761283,-1.163704553305114,0.45,1.266334628527776,2.6176685521747696,-1.3857111353330716,0.45,2.166649008910959,3.7657137952885944,-0.776696663510264,0.45,2.5705781637554113,4.417856894957413,1.329663649088951,0.45,-3.0454367833054734,3.370345731563532,2.646309742775049,0.45,-2.5345377317520343,2.490210639999701,3.767112598268459,0.45,-2.064801270751936,1.5561751804263133,4.407397474294232,0.45,-1.732595277890926,0.35833774759833137,4.404394299285729,0.45,-1.3845012565814352,-0.8736235046991027,2.7678526931534946,0.45,-0.7563601921608949,-1.2467687258079212,1.520812706888492,0.45,-0.2277822272540625,-1.4138108213114395,0.40339761486575987,0.45,0.2423058550877302
66,-29.049141709700987,13.355731617691172,0.0,0.0,0.0,18.082398933821544,23.240000000000002,-0.780128153622597,0.300389921765421,0.45,0.3744669596663686,0.4969993707826268,-1.145856435665651,0.45,1.3405477932169896,2.6153648897469153,-1.384403320176663,0.45,2.166241828091217,3.7662532675577425,-0.7403218061477379,0.45,2.580031839644306,4.416167120885198,1.3322769852670924,0.45,-3.0446316366365447,3.4331104987023946,2.6479356632419395,0.45,-2.546267433677396,2.612067588915743,3.7668473426327123,0.45,-2.0983510612415732,1.6630365551632176,4.412823428539362,0.45,-1.7626839711042308,0.35752296270153155,4.404562598169515,0.45,-1.3842791522191829,-0.8737132799314611,2.7674365727886467,0.45,-0.7562187703242218,-1.3380997553852374,1.5217540729063634,0.45,-0.21955578732298503,-1.3628538488358959,0.4567528490635357,0.45,0.2259842838709769
67,-28.528227190716557,13.193255025097447,0.0,0.0,0.0,18.100377779190552,23.2,-0.7548913469705594,0.34620909009976364,0.45,0.35662406851253575,0.4872137649976408,-1.2204144213321417,0.45,1.3438337557918743,2.6067666121067603,-1.3859521667287353,0.45,2.1634651470116433,3.7663098215436435,-0.738637354556943,0.45,2.5804774283359686,4.416791241495267,1.3294369599381983,0.45,-3.045472712244027,3.431574116726459,2.646008042200531,0.45,-2.5465175559807007,2.5606017087400166,3.7656023651129353,0.45,-2.0845444959618353,1.6208076594772673,4.414360993814513,0.45,-1.7506540087613771,0.35835965150693044,4.4044675690230255,0.45,-1.3845113870030237,-0.8738439558293657,2.767691957175663,0.45,-0.7562560790589292,-1.4233096017636413,1.5208780182662363,0.45,-0.21172348530758933,-1.4209301113812987,0.6540959391010246,0.45,0.14192008868674472
68,-28.48089268310935,13.174266163100544,0.0,0.0,0.0,18.05751807762479,23.240000000000002,-0.780128153622597,0.300389921765421,0.45,0.3744669596663686,0.49699937078262685,-1.145856435665651,0.45,1.3405477932169896,2.6153648897469153,-1.384403320176663,0.45,2.166241828091217,3.7662532675577425,-0.6519855770338251,0.45,2.603240082639338,4.416167120885198,1.4010237146918518,0.45,-3.024737507541349,3.377480077234154,2.6479356632419395,0.45,-2.5354829772981176,2.612067588915743,3.7668473426327123,0.45,-2.0983510612415732,1.6639606907588655,4.412823428539362,0.45,-1.7629448924712052,0.35752296270153155,4.404562598169515,0.45,-1.3842791522191829,-0.8737132799314611,2.7674365727886467,0.45,-0.7562187703242218,-1.3380997553852374,1.5217540729063634,0.45,-0.21955578732298503,-1.3628538488358959,0.45675284906353564,0.45,0.22598428387097697
69,-28.92928728392868,13.338329861306736,0.0,0.0,0.0,18.178736544505757,23.32,-0.7657470809775471,0.3097663377729378,0.45,0.37263855476795654,0.5062289657564447,-1.1341101158315887,0.45,1.3434262814190294,2.6498595720690843,-1.3834026374590291,0.45,2.1762875506989796,3.7660895862465966,-0.852900731444706,0.45,2.55138055124803,4.416184141578682,1.5371427674794078,0.45,-2.9856348013784917,3.5080312211017577,2.64788344758338,0.45,-2.560282467008574,2.604420266738793,3.7667808065203756,0.45,-2.096295572899791,1.665644997661949,4.412595155208366,0.45,-1.7634329417133843,0.35879064805312666,4.404048109550417,0.45,-1.384611231334783,-0.8726186902260755,2.7679938104733877,0.45,-0.7566678079437309,-1.3244548644887684,1.5216250779219327,0.45,-0.22075040971802642,-1.3781565188495462,0.46345958026631595,0.45,0.22189678480791353
70,-28.417630278552156,13.14258006087735,0.0,0.0,0.0,18.01325183251074,23.16,-0.7920576563410839,0.2818779396037128,0.45,0.38113110353102597,0.4971190481602934,-1.1563805653942332,0.45,1.3416851267143879,2.6147439865074245,-1.2619001870982651,0.45,2.1907825834221977,3.7662504805936887,-0.7413972959655123,0.45,2.5797528918230768,4.416185845694073,1.333333222212662,0.45,-3.044325885541227,3.4326610181900086,2.647915858855915,0.45,-2.5461872296938126,2.6108688450566273,3.7668372455351706,0.45,-2.098029135292024,1.6602091444336666,4.412790472712998,0.45,-1.7618873136493074,0.35708220068121976,4.404646294255337,0.45,-1.3841586272357964,-0.8738128750091596,2.767429920533282,0.45,-0.7561903607015115,-1.337215005601663,1.5217465193771214,0.45,-0.21963317469073843,-1.3654252681023658,0.4582710443340572,0.45,0.22513712936920335
71,-0.6336773788387182,13.34478505044921,0.0,28.425428340876525,0.0,18.00841288344446,23.2,-0.9923479467032704,0.23316968253139064,0.45,0.3674110784986554,0.5178734435434269,-1.1814888355876436,0.45,1.353284728937597,2.6776213076384776,-1.4203955268722432,0.45,2.1768889974627226,3.765873618704209,-0.7460446850860386,0.45,2.5784890931599493,4.416475970172032,1.3357314553476283,0.45,-3.0436387986775335,3.4285809027871235,2.647538162965348,0.45,-2.5455140376617895,2.578716743608844,3.766562031927268,0.45,-2.089349355158158,1.6212603601432205,4.411869207423939,0.45,-1.7509109754559857,0.35370750877597706,4.4047202354588935,0.45,-1.3832057058089586,-0.8729020484380696,2.7684932121773467,0.45,-0.7567332614964731,-1.296918129448145,1.52137659845086,0.45,-0.22320739285774885,-1.3514591683946735,0.49282386347020035,0.45,0.2124314795724335
72,-28.56416049345596,13.187563280773979,0.0,0.0,0.0,18.008084010041546,23.16,-0.7765806032856994,0.2951168820767647,0.45,0.37771356005843276,0.4982458903529848,-1.1477201234641903,0.45,1.3412908968612214,2.6160940833891737,-1.3849288020828376,0.45,2.1663490745403027,3.641848031396377,-0.7413893394241374,0.45,2.5588079515214304,4.416219286720743,1.3327132605545418,0.45,-3.0445065993170877,3.431909841748793,2.647930859492938,0.45,-2.546039591060664,2.6087279833990773,3.766847013217294,0.45,-2.097449528800662,1.6603489761655374,4.4128201547314925,0.45,-1.7619251860455734,0.3567926489808371,4.4045476359057485,0.45,-1.3840712247417395,-0.8736846378035633,2.767444306534204,0.45,-0.7562285846355524,-1.3413443826850169,1.5217611551197239,0.45,-0.2192640740281395,-1.3544953276629659,0.45656624685438696,0.45,0.22683460651978804
73,-28.59943457966719,13.189917340237871,0.0,0.0,0.0,17.968601818187988,23.12,-0.6994501689415572,0.19409728610827806,0.45,0.44280666820872006,0.5283331891456621,-1.1789701277949838,0.45,1.3576220518075546,2.64983506197518,-1.3939661148018652,0.45,2.1742126693191755,3.790556840432129,-0.7601702586059079,0.45,2.5788623865622817,4.417274136705909,1.3383328105065975,0.45,-3.0429076279923475,3.4083962517548967,2.6478034393328933,0.45,-2.5415556273367597,2.53754191501554,3.766802190215798,0.45,-2.078013469145808,1.606156485143767,4.412623696456066,0.45,-1.7465847835477808,0.3428441802563483,4.403971093489816,0.45,-1.3800868651564935,-0.8725129397700335,2.767908851152853,0.45,-0.756672010158807,-1.390219776627789,1.521830023985488,0.45,-0.21494619818045568,-1.195587008466562,0.45674523373856935,0.45,0.24255866949759325
74,-28.700364486170635,13.222821887741741,0.0,0.0,0.0,17.977331109205885,23.12,-0.7755625699080596,0.2939151053443899,0.45,0.3784946498491543,0.5023042452498453,-1.1492819674120327,0.45,1.3432432797971283,2.614554496479044,-1.3854073654119108,0.45,2.165813397497853,3.7661880580198135,-0.7391667177232044,0.45,2.580320431453536,4.291962204195464,1.3316074786499505,0.45,-3.0411988375956556,3.434116176975034,2.647923891336891,0.45,-2.546462606968194,2.6099236171146667,3.766839659613641,0.45,-2.097773574832334,1.6629678863535788,4.412807170755156,0.45,-1.7626654737738077,0.35760653926130936,4.4045671673987,0.45,-1.3843031011029856,-0.8737322324973439,2.767428048079496,0.45,-0.7562113139716695,-1.3306303266140276,1.52174651243483,0.45,-0.22023385212937108,-1.368235008636132,0.4580464560509958,0.45,0.2249690562249737
75,-28.33305430913919,13.128733480078543,0.0,0.0,0.0,18.141785654224293,23.04,-0.711646913486158,0.18172195984514097,0.45,0.44594591912461595,0.594464330822785,-1.202568578649522,0.45,1.3887161252069304,2.6155178777838706,-1.4012290078347411,0.45,2.1630247594453853,3.7650626408159527,-0.7184504597529601,0.45,2.585523536667398,4.444325889428358,1.3183810178076294,0.45,-3.0494182054822376,3.4508235761689696,2.647700596273632,0.45,-2.549696837638279,2.6046997912668037,3.7666831969533314,0.45,-2.096386486164675,1.6605787664008116,4.412437400725009,0.45,-1.7620110131193183,0.35927431549072414,4.404436761477898,0.45,-1.3847692047459115,-0.8735953882599448,2.767518706396461,0.45,-0.7562733724387904,-1.201702741589114,1.5215687608539572,0.45,-0.23260547389257188,-1.460945467270127,0.4824447878305496,0.45,0.20728665817522338
76,-28.492102013624418,13.171939079578106,0.0,0.0,0.0,18.036206082051056,23.2,-0.7795835898839985,0.3103103250396506,0.45,0.36973364974301093,0.518485312386968,-1.1182465578534984,0.45,1.3472770735227044,2.615620299965082,-1.3812306273608788,0.45,2.166933709398279,3.766068292023604,-0.7384388584235075,0.45,2.5804895293033905,4.4161171264624075,1.329690716396242,0.45,-3.0453802640323016,3.432395119917343,2.6478306954220012,0.45,-2.546160470421156,2.60733581178948,3.766851111881151,0.45,-2.097072765155795,1.6323789344110278,4.412879945168076,0.45,-1.754010297336123,0.3578760817523228,4.4044954822782305,0.45,-1.3843757164088526,-0.7586914077781743,2.7674366822445426,0.45,-0.787878293532325,-1.3385553483942083,1.5142070170652353,0.45,-0.21643807194396167,-1.3684708897567437,0.45624951385589957,0.45,0.2256682255552954
77,-28.46488063320433,13.144953792930668,0.0,0.0,0.0,17.917943008347617,23.2,-0.7640595812103623,0.3554505668125797,0.45,0.35030881186466084,0.4616177571460588,-1.141658808274963,0.45,1.324513969694107,2.604936152500507,-1.3730750565300738,0.45,2.1654459131446164,3.766000053794224,-0.7316451950799867,0.45,2.582241011962594,4.415919171264372,1.3296638825504195,0.45,-3.0453825058277806,3.444903371040814,2.6493865406024617,0.45,-2.5481024508316055,2.6499746895838516,3.7662698885211996,0.45,-2.1086102472643407,1.6933006745120294,4.41065288532009,0.45,-1.7713389915935733,0.3585567317088277,4.404407611201568,0.45,-1.3845640860411905,-0.8489362539545822,2.767683048686616,0.45,-0.7629353239926001,-1.2101993464354657,1.6592547261379726,0.45,-0.2898765980813764,-1.2557631783522498,0.5449221457288899,0.45,0.1990681567837055
78,-29.055974572801624,13.364915868155977,0.0,0.0,0.0,18.111512410595015,23.28,-0.7565389247118847,0.32248714262884287,0.45,0.36812616283946875,0.49658017468548,-1.1366302266666921,0.45,1.3394026544811803,2.7326891718752933,-1.3772229692667535,0.45,2.2006372548531115,3.765289164702062,-0.7289147752253452,0.45,2.582834973891038,4.415491883198694,1.3155236271030144,0.45,-3.049473967056559,3.430864760819948,2.6479748306589173,0.45,-2.545827573931034,2.6174802289985966,3.7668354588919493,0.45,-2.099812158720925,1.6723228088622453,4.412858269770084,0.45,-1.7653027172452809,0.3592125210374278,4.404339287781683,0.45,-1.3847464697871201,-0.8768685480233935,2.768746704709662,0.45,-0.7557488034907256,-1.3368938679565947,1.5214700600422908,0.45,-0.21954970749167635,-1.3742174100906355,0.4573990945875107,0.45,0.2246802027202433
79,-29.079241166464758,13.365398162450544,0.0,0.0,0.0,18.08406590675398,23.240000000000002,-0.7559207703142757,0.32125028566674363,0.45,0.36885732669864946,0.49826623479476834,-1.135474376296937,0.45,1.3400299482035185,2.7326878452820127,-1.3771859028891142,0.45,2.200644312372182,3.765291221189788,-0.7291430801310548,0.45,2.5827759524826197,4.415390083553233,1.3156827280973842,0.45,-3.049425047714938,3.430504352017533,2.647971842988323,0.45,-2.5457595452840183,2.624015758650221,3.7668335371296515,0.45,-2.101571106091425,1.66061481689363,4.412853027743622,0.45,-1.7619984715187555,0.4200400718640832,4.4047307211858095,0.45,-1.4020762813691385,-0.8802538688844457,2.7687467265485424,0.45,-0.7548494007684953,-1.3375128723615646,1.5214695779580825,0.45,-0.21949322102335403,-1.3713705528033506,0.45763914336945666,0.45,0.2248447381362957
80,-29.14803268714583,13.390949143303764,0.0,0.0,0.0,18.094009142852446,23.28,-0.7500385783719385,0.3316662207316978,0.45,0.36480325120581986,0.5130157534416633,-1.1175093856615934,0.45,1.3447471860943259,2.7322619189143134,-1.375283936010007,0.45,2.2009083062515913,3.7652841137334137,-0.728676289999585,0.45,2.5828961600329796,4.41446838060609,1.3167376273805163,0.45,-3.049093986034887,3.4310257190342686,2.6479372243266877,0.45,-2.545868925872783,2.6880922903569173,3.766811837081263,0.45,-2.118625123722429,1.5653163872446652,4.412788345829931,0.45,-1.7349522293130153,0.39250810702956557,4.408070230867,0.45,-1.3943980241094418,-0.9109410621554147,2.7687667931614444,0.45,-0.7467799932232648,-1.3323011528631858,1.521444346147337,0.45,-0.21995774094503506,-1.370966287733259,0.4607339330735395,0.45,0.22364106395888828
81,-29.097432724118804,13.376902001535793,0.0,0.0,0.0,18.10530736159147,23.28,-0.7502930492298154,0.33177896826017905,0.45,0.3646985737105131,0.5053207341108868,-1.114786483240886,0.45,1.3410132860279877,2.7317044923464886,-1.3748621622681512,0.45,2.200839628807498,3.7652635686361937,-0.700935355163653,0.45,2.5901384328267403,4.414659759103192,1.3164574063963155,0.45,-3.0491805053629215,3.474592191822691,2.6592520296391013,0.45,-2.5509303133560053,2.6743997396659998,3.778115745411231,0.45,-2.1132065140910012,1.557044812973032,4.424134101516081,0.45,-1.732065495293815,0.3925293509515564,4.430418409567859,0.45,-1.395529746621125,-0.9129982662211382,2.7687610078748603,0.45,-0.7462420086874082,-1.3335040533782196,1.5214438581968874,0.45,-0.21984777480348117,-1.3680788776536474,0.4565563961301898,0.45,0.22558122259026117
82,-29.084538252746647,13.379937877002948,0.0,0.0,0.0,18.13452590732558,23.32,-0.8164427973301188,0.31291214575680154,0.45,0.3616257819012232,0.5335739262575767,-1.103646801669243,0.45,1.3526035258151772,2.7316446062543767,-1.3738559074283527,0.45,2.2010249302672893,3.765311365879462,-0.7538430953080697,0.45,2.5763836367017534,4.414665094332888,1.315422730779078,0.45,-3.0494810863500543,3.389573583650904,2.681154941333655,0.45,-2.528496383146542,2.68080893991956,3.8000558504165016,0.45,-2.111419429866474,1.5711342236513266,4.445946297264726,0.45,-1.7350441184591339,0.3927296257553704,4.473998855302406,0.45,-1.397740429606569,-0.9172819420345303,2.7687765531065724,0.45,-0.7451315430498437,-1.32506631728793,1.5212499266839319,0.45,-0.22054059903135767,-1.3724212257478563,0.4682742305554234,0.45,0.22048420300018187
83,-29.082229071639865,13.377674803774584,0.0,0.0,0.0,18.124660600877604,23.32,-0.7496484851278373,0.32829775337636397,0.45,0.3665565623819935,0.5067809938802661,-1.1250574749934346,0.45,1.3427374160075563,2.7333414001073577,-1.376276955651328,0.45,2.2010059020290598,3.765333587352705,-0.729275773562727,0.45,2.5827483436109193,4.414388695603516,1.3174779952529323,0.45,-3.0488768563418724,3.431000324781128,2.627698378643154,0.45,-2.55159027161292,2.6952561625294815,3.746571289763565,0.45,-2.123786059161927,1.566014936875182,4.466650529867912,0.45,-1.7326425178987988,0.3923329763177412,4.405512140242012,0.45,-1.3942184158183566,-0.9071923420528413,2.7687780771408295,0.45,-0.7477621408683706,-1.3332093819790694,1.5214731704736462,0.45,-0.21988661954672825,-1.3708710909069328,0.4592709897079576,0.45,0.2242363647143661
84,-29.087180968666743,13.355300475389528,0.0,0.0,0.0,18.019561105159493,23.2,-0.83084816924644,0.30551073140099005,0.45,0.36255837972111055,0.5236120219435094,-1.1056174076207212,0.45,1.3482960318914683,2.7317063952241654,-1.3740592039977515,0.45,2.201001146344462,3.765332444824054,-0.7275255352792108,0.45,2.5832032823778435,4.414772733949344,1.3154267434119133,0.45,-3.049482808334092,3.431189967384987,2.6856723141772214,0.45,-2.535341858531177,2.674601397705557,3.804565139724246,0.45,-2.1090795767691586,1.5605664878937662,4.443824578705922,0.45,-1.7321555626247411,0.39265155971240673,4.344443344564042,0.45,-1.3911547503839865,-0.9179786124029519,2.768776055650231,0.45,-0.7449503454968828,-1.3271704888807974,1.5212053722569916,0.45,-0.2203293556653748,-1.3697284975327244,0.46375443791186777,0.45,0.22254182291096078
85,-29.10012285877366,13.378621003566646,0.0,0.0,0.0,18.110928705279218,23.28,-0.7500431802547044,0.3315490738345551,0.45,0.3648607928053874,0.5129861974885372,-1.1171671671334582,0.45,1.3446986212668834,2.732259848873898,-1.3752658769640131,0.45,2.20091135694062,3.765283466044441,-0.7286039925281464,0.45,2.5829148533634543,4.4144638071222735,1.316732482266625,0.45,-3.0490953568463195,3.431138383824091,2.603690930015508,0.45,-2.5584662105584477,2.688352630993376,3.8109486534243704,0.45,-2.1116822123574908,1.5655704771149541,4.412760690857163,0.45,-1.7350259994093673,0.3925086552040372,4.408079144544785,0.45,-1.3943986318524704,-0.910957331677407,2.7687667751622334,0.45,-0.7467757439210402,-1.332129671563835,1.521445387472499,0.45,-0.21997382297819973,-1.3707052843853516,0.46100938696561244,0.45,0.22355439564036897
86,327.9183514940291,0.0,7.918351494029086,0.0,0.0,17.99580871223562,0.0,-0.7771412059829784,0.35005560407658637,0.45,0.35061418920690646,0.5604005496133864,-1.0507618208842073,0.45,1.3596328343855761,2.723623808469059,-1.3668038493348065,0.45,2.200231203050372,3.7649010369447318,-0.7245779980374233,0.45,2.583900276755134,4.415229239783611,1.3105445428254348,0.45,-3.0509126827001807,3.429794982695747,2.6146636988549483,0.45,-2.5550730126786156,2.6256300454307744,3.733294635353353,0.45,-2.1073474176581333,1.5571520472383666,4.415710936570875,0.45,-1.7324868825712072,0.3939471628927023,4.403508752697351,0.45,-1.3945762844068275,-0.9432041418961653,2.768697399849018,0.45,-0.7384199918617153,-1.3159848290151939,1.5212603900781263,0.45,-0.2213817606708873,-1.3689568600196755,0.4710518238588173,0.45,0.21967973074996536
87,-29.140377788351636,13.387545006906882,0.0,0.0,0.0,18.087532467500782,23.28,-0.7572322890827804,0.33697292290020936,0.45,0.36079720654205116,0.5568085400539747,-1.127160787249168,0.45,1.3653860861898612,2.731858736322576,-1.3749485944422137,0.45,2.200864704291045,3.7654229329533213,-0.72074950976087,0.45,2.5849824112270916,4.414138179583076,1.3176033125000914,0.45,-3.0488337015573688,3.444998566450459,2.64542272060208,0.45,-2.5492355019337256,2.7104963055626623,3.764137734539861,0.45,-2.1249373110981327,1.584340105161856,4.411458245799684,0.45,-1.7404375395448524,0.3923873809441747,4.409152541867935,0.45,-1.3944185494090056,-0.9102216969507316,2.768770026565954,0.45,-0.7469686042278793,-1.3542378328379494,1.5316417473510595,0.45,-0.2220979291818577,-1.3615855242311314,0.462204687918831,0.45,0.22390792579432275
88,-28.902635138511176,13.33520950822749,0.0,0.0,0.0,18.196070575633588,23.36,-0.7421522003231774,0.30507994025147245,0.45,0.3795456324198826,0.46495888459945767,-1.1835496806933492,0.45,1.3304981879645623,2.7398568714417397,-1.383409817866083,0.45,2.201365244389372,3.7658810390792414,-0.7336791410635073,0.45,2.5816935384918778,4.413909625270314,1.3226737976203944,0.45,-3.047355231368482,3.430997255841879,2.684120935846045,0.45,-2.5357358247478414,2.7503961827880805,3.803200996923324,0.45,-2.1289839514964286,1.573714182582666,4.412019092132556,0.45,-1.7373831030783933,0.3911335402593632,4.411690424967024,0.45,-1.394190859991379,-0.8790531494602577,2.7690269254240194,0.45,-0.755247267856234,-1.3483468485335088,1.5211656910188942,0.45,-0.2183892709387731,-1.3734626890025832,0.449846108554986,0.45,0.22777137684247842
89,330.8475111720439,0.0,10.847511172043856,0.0,0.0,18.119349998821566,0.0,-0.7145687652231858,0.34659135158006477,0.45,0.36410098180456385,0.5224818420314576,-1.1026735934021408,0.45,1.3474835299649401,2.7196652164992536,-1.3682163316921132,0.45,2.19885372938453,3.76523973469645,-0.733115723280185,0.45,2.5817354544705493,4.414748330861921,1.3152155718206915,0.45,-3.0495434719887267,3.4222389981152195,2.67154182275137,0.45,-2.5375546037699546,2.68790175011162,3.790462195977502,0.45,-2.1147981689394446,1.573962465957411,4.43442073313419,0.45,-1.736386640044519,0.393449528597168,4.399322486628649,0.45,-1.394221863612681,-0.9158266370903962,2.7686349962004386,0.45,-0.7454701014118845,-1.3369045964275903,1.5213858475616602,0.45,-0.21951440473032077,-1.374632984517182,0.4571938360555002,0.45,0.22472433938415512
90,-29.111908686587793,13.370462837382261,0.0,0.0,0.0,18.051144786070896,23.240000000000002,-0.8209974446621304,0.3018674465528291,0.45,0.3660965102917606,0.4940575189630991,-1.147126906675234,0.45,1.339380816663502,2.7574448630072603,-1.389518971994115,0.45,2.204940080733495,3.7654533085731345,-0.7198699188339334,0.45,2.5852166606061306,4.413961652446287,1.3197207909969735,0.45,-3.048214049043709,3.4486309060562643,2.6007230773024976,0.45,-2.5626055946228745,2.688488359882629,3.7194826188566514,0.45,-2.1264317022819696,1.5480545164436645,4.369493610664939,0.45,-1.7320362136780902,0.39063331842426696,4.425560417353248,0.45,-1.3947496910249564,-0.9012783577694428,2.7691214322298348,0.45,-0.7494075721223783,-1.3231298631418524,1.5215373847733178,0.45,-0.2208363247787597,-1.3636438980865304,0.46775649448270307,0.45,0.2214850264936095
91,-29.117740336652936,13.388507671845266,0.0,0.0,0.0,18.138968426503844,23.28,-0.7497486278649023,0.3187912169405367,0.45,0.3712640475528628,0.5204526883842742,-1.1186107922606658,0.45,1.3481974154129746,2.733619789102837,-1.3776181536884025,0.45,2.2008137291146412,3.7654198876358564,-0.730204454738839,0.45,2.582520990858534,4.414598016069334,1.3173279998601333,0.45,-3.0489260588374187,3.429215325045153,2.6451276792350447,0.45,-2.546315352754765,2.679669967193504,3.764499355748475,0.45,-2.1167748044285206,1.5584917965100813,4.411219364057797,0.45,-1.7330786021197069,0.39232279195349035,4.408950687068852,0.45,-1.3943899573734888,-0.9168366096704833,2.7687683187463907,0.45,-0.7452449973483056,-1.364950899802932,1.4871240220601152,0.45,-0.20313541784851302,-1.398010973462229,0.437788256504824,0.45,0.23028991814961858
92,322.09172497901966,0.0,2.09172497901966,0.0,0.0,18.21017786486677,0.0,-0.758017050071023,0.3650756632070716,0.45,0.34658155888915754,0.49652564851608666,-1.0889143213855677,0.45,1.334285211688124,2.7256232468323254,-1.424004331531478,0.45,2.189457335561187,3.8057436906709814,-0.7646478780302246,0.45,2.580164216739293,4.441209587041624,1.2856396011711355,0.45,-3.058776922475107,3.4474988781949887,2.6481427923179126,0.45,-2.5489438166810716,2.7000044864309563,3.754894903590891,0.45,-2.1236837428684163,1.5845733782140972,4.399643728975121,0.45,-1.7410824245367134,0.39671249969171823,4.404481332632242,0.45,-1.3954130151626076,-0.962785857221759,2.8146370093470803,0.45,-0.7461986976283824,-1.333543586385932,1.5271726432816193,0.45,-0.22218116313236277,-1.3626743823373886,0.44340972564065856,0.45,0.23135810400309414
93,-29.089603348849668,13.371474127484182,0.0,0.0,0.0,18.102227718199444,23.240000000000002,-0.7419317970846967,0.3055776654767032,0.45,0.37934264863833117,0.5288158727146132,-1.1116534467820995,0.45,1.351257574393296,2.73328671468232,-1.3774945763045552,0.45,2.200747003313785,3.7650885082932564,-0.725392409503714,0.45,2.5837187025239903,4.418537812567558,1.3153496435226302,0.45,-3.0496060466888575,3.4346625575301326,2.6467819087864317,0.45,-2.546888544682323,2.6976283186804,3.7655290284984515,0.45,-2.1213396429743705,1.5735971949864362,4.411120899189521,0.45,-1.7373928075554215,0.3926344602117258,4.408588458083837,0.45,-1.3944602182815118,-0.9106345557126485,2.7687769111869285,0.45,-0.746862810509764,-1.295230234472776,1.5216325918731943,0.45,-0.22347219178244704,-1.3739925179437242,0.4249789957799163,0.45,0.23764004335133546
94,-29.09710393281497,13.36942501557179,0.0,0.0,0.0,18.10611223402952,23.16,-0.7240992315674815,0.29658730351139473,0.45,0.3873740073462055,0.5523934171655831,-1.163219674874444,0.45,1.366758890274615,2.7326466964004146,-1.384788240291844,0.45,2.199113929740576,3.7648496554351114,-0.7213223023046192,0.45,2.584740094638683,4.425769326103048,1.31078570836824,0.45,-3.051120335147177,3.435231512820703,2.6525372899912316,0.45,-2.545376989911748,2.6668182255715243,3.7716692371813383,0.45,-2.1122277370983116,1.5496509341734703,4.417630361964541,0.45,-1.7302588962101375,0.3932653121077739,4.406170147498166,0.45,-1.394517112066944,-0.9118646538480402,2.7688304335847227,0.45,-0.7465570529627458,-1.3021953564011708,1.5202829455801385,0.45,-0.2222605955660745,-1.4265017720991273,0.5313942673811474,0.45,0.19077139280000763
95,-29.157264989649978,13.386690510643852,0.0,0.0,0.0,18.064289288820707,23.240000000000002,-0.7471510684858398,0.3225523024856923,0.45,0.3698965923860292,0.5125754035154737,-1.1226319075943247,0.45,1.345077304893915,2.725958007376835,-1.3760265947795567,0.45,2.1990249510009527,3.766929500494728,-0.7027304043586364,0.45,2.589936476255794,4.414552075192886,1.2677407294911314,0.45,-3.0633410954876164,3.4116054032377696,2.647400224164839,0.45,-2.5422900373994755,2.685197499652361,3.766281783326314,0.45,-2.1179474529602613,1.561046916928574,4.412361583808594,0.45,-1.7337543916858342,0.3912457045631573,4.4083422668389085,0.45,-1.3940528542585926,-0.9110317200223835,2.7687007635592593,0.45,-0.7467377337652996,-1.3391719672005304,1.5215343816023832,0.45,-0.2193688809727076,-1.3562870842498003,0.45910889418288114,0.45,0.22564313428228466
96,-29.110320065470624,13.359902846507538,0.0,0.0,0.0,18.002738086706994,23.2,-0.7155317724392642,0.27100202286511127,0.45,0.40181977926905876,0.5314064487445227,-1.136174858862865,0.45,1.3548555598846603,2.7495247325797108,-1.3815753855357935,0.45,2.2043736693582874,3.77853973186626,-0.7284042123431779,0.45,2.585113977822887,4.414978272151236,1.2975358597989781,0.45,-3.0546853952366786,3.4072662203425677,2.6521682569750262,0.45,-2.540103265022482,2.64666409220452,3.7711018681957156,0.45,-2.106960305592206,1.5329252922728038,4.416396979693207,0.45,-1.7255396914981969,0.3842200718566076,4.40632611627753,0.45,-1.391952435569453,-0.9111622693431821,2.7689798391879554,0.45,-0.7467823312853477,-1.361268773000089,1.5210728421419468,0.45,-0.21719399364413894,-1.277154068232541,0.4600841567400619,0.45,0.23280221109290777
97,-29.151560539481626,13.377065393659802,0.0,0.0,0.0,18.046097440459484,23.16,-0.741002589458955,0.2894374550348085,0.45,0.3874988150603921,0.5013709874544201,-1.0896596927497315,0.45,1.33655912318727,2.726333927641943,-1.3775747223901316,0.45,2.198818802430136,3.767074227123889,-0.7011708866982832,0.45,2.5903687262126045,4.414494008333546,1.2679858572601614,0.45,-3.063268418915716,3.4145077245785664,2.6445551706024717,0.45,-2.543654584327794,2.69545589350556,3.7630371525844417,0.45,-2.1211706593263493,1.568452451022119,4.409841670493607,0.45,-1.7359865229604872,0.3909055453666825,4.409502080748954,0.45,-1.3940150494972436,-0.9105565115541215,2.7645803053711986,0.45,-0.7456990940996929,-1.358552747317482,1.5470519905898643,0.45,-0.22791386383628556,-1.368952631948471,0.4715498236768481,0.45,0.21947986488120924
98,-29.120905856733234,13.372935568165575,0.0,0.0,0.0,18.048975922793215,23.240000000000002,-0.7479909773836173,0.3268932140665936,0.45,0.3675737404089152,0.5140056307813599,-1.127106917054578,0.45,1.3461751853284236,2.7273326717482216,-1.3759237293116153,0.45,2.1994241576084588,3.766975389196474,-0.7029894214678818,0.45,2.5898759835834038,4.414606473095945,1.2676675696464401,0.45,-3.0633636316949038,3.4112543446245533,2.6478147545563564,0.45,-2.542105032599991,2.6839309205490425,3.766731430250258,0.45,-2.1175412638060926,1.5600596104844524,4.41266084951335,0.45,-1.7334586466607607,0.3912865844987929,4.408198200705915,0.45,-1.3940571616354007,-0.9111294965067273,2.6439811284240013,0.45,-0.7103942457379466,-1.3366063065204208,1.5181806973715966,0.45,-0.21823450306168332,-1.354603539250171,0.4575111890402284,0.45,0.2264434811227422
99,-29.163340167223588,13.378322075574825,0.0,0.0,0.0,18.01458094923171,23.2,-0.7455851227335117,0.3146758890531353,0.45,0.3741145031012909,0.509781374904577,-1.1050587704700714,0.45,1.3419977250205897,2.7246898643704194,-1.3750183568722099,0.45,2.198877272636577,3.766917671632567,-0.6987537567707514,0.45,2.5909776742549746,4.414295345309649,1.2675585224275816,0.45,-3.0633882755363726,3.4179394957465576,2.647106036996571,0.45,-2.5435942875914175,2.7030968131479534,3.765331325849133,0.45,-2.1228064941856015,1.575776706815707,4.41168698914342,0.45,-1.7379868838536319,0.39117314754322724,4.408639649997775,0.45,-1.3940473267753266,-0.9081990252169967,2.7686869935708076,0.45,-0.7474733709857158,-1.330113228910916,1.4771823039047356,0.45,-0.2019964053523005,-1.3401812063283447,0.48382726245705027,0.45,0.2170935053353424
100,321.8779009219091,0.0,1.8779009219090925,0.0,0.0,17.96674717536662,0.0,-0.7473763498045445,0.3247701027118794,0.45,0.36874929049038907,0.5319866389997252,-1.0786992846337362,0.45,1.3493417646510033,2.7257002996981132,-1.3723048887732918,0.45,2.1996994824908067,3.766772632336021,-0.6975354064822809,0.45,2.5912741588574852,4.414287110185206,1.2648234527891973,0.45,-3.064184313978579,3.416135883402906,2.6481801642323126,0.45,-2.5429435868573527,2.6965159521298077,3.766558777645111,0.45,-2.1208815298722317,1.5435307938264193,4.412732925646321,0.45,-1.7287353917682922,0.39150888002018686,4.408172137845257,0.45,-1.3941190467329494,-0.7935138309937753,2.768628743531972,0.45,-0.778412288429751,-1.3312405583106288,1.4738382808049477,0.45,-0.20052421552882968,-1.3473868174172619,0.48115977965580803,0.45,0.21753145007809618
101,320.27378777493703,0.0,0.27378777493702877,0.0,0.0,17.988078634099693,0.0,-0.7376411041009828,0.33439730104496196,0.45,0.3658090949438001,0.49761156989743494,-1.0927678442719329,0.45,1.3351952555423958,2.72206305167295,-1.3707569244703077,0.45,2.1990064402334824,3.7665571359788945,-0.6843146930333588,0.45,2.5947185250958182,4.412666641631482,1.3034797037293706,0.45,-3.0528985242003825,3.3894670021088347,2.659524334551576,0.45,-2.534556357721317,2.701528396235101,3.755262800131538,0.45,-2.1240245578232515,1.5695217056300226,4.396004098897948,0.45,-1.7369536256804843,0.3900440238772602,4.401691002438791,0.45,-1.3933721669441907,-0.9110844635227502,2.7686255306631513,0.45,-0.746702770786062,-1.3251859101040597,1.4833265046843274,0.45,-0.20494721079955422,-1.3361042391767628,0.49557576404999537,0.45,0.2126605023913428
102,-29.090394822415796,13.36577501052465,0.0,0.0,0.0,18.080170422526177,23.2,-0.7655598875484501,0.26084243509434507,0.45,0.39648272183073385,0.5345622013662478,-1.144594246546739,0.45,1.3570822235481552,2.7312856790375353,-1.3869108092314872,0.45,2.1983174028022483,3.767961806661826,-0.6453220457432242,0.45,2.6052888158819414,4.418547165531257,1.2466130062648835,0.45,-3.0695776944561173,3.434529360760574,2.614830311079907,0.45,-2.5559224495155948,2.7091612962083205,3.7909402318976992,0.45,-2.120280881539335,1.6022938691373576,4.451756680964758,0.45,-1.743546218296188,0.3939797521836864,4.426694323422874,0.45,-1.395753550947221,-0.9344556224657596,2.7687932817647907,0.45,-0.7406936426189864,-1.342484001492027,1.4623313021198927,0.45,-0.19486348143398716,-1.3485774175785534,0.45437517118976667,0.45,0.22827204894759723
103,-28.65465012675534,13.212968593988661,0.0,0.0,0.0,17.989698748016753,23.16,-0.7443419063981301,0.31105785407797265,0.45,0.37615245891598204,0.5092659213460078,-1.107832439843454,0.45,1.3420564388404292,2.725126822681738,-1.375594395317075,0.45,2.1988824129804794,3.709371942807516,-0.7147459067457139,0.45,2.577336708830484,4.414362544906451,1.2553975614162634,0.45,-3.0669307455925003,3.4275374285672413,2.6469390737949166,0.45,-2.5454833452244374,2.7019929431753185,3.765650991358821,0.45,-2.1224654376025356,1.576556418085561,4.412105134962512,0.45,-1.738188952812449,0.3908345571877619,4.408760501142126,0.45,-1.3939572062624683,-0.9155054282558377,2.7686815438142705,0.45,-0.7455667894473839,-1.3316228175638112,1.477262291995965,0.45,-0.20190207621044898,-1.3359493245190754,0.48368335663157175,0.45,0.21753326185591892
104,-29.12330883868023,13.368198610778547,0.0,0.0,0.0,18.02985343162224,23.2,-0.7467343109101561,0.31407197892917865,0.45,0.374190262780233,0.508443123049509,-1.1059619634430922,0.45,1.3414897525311333,2.724496908819923,-1.36012643042105,0.45,2.201817469044331,3.7669375795621027,-0.6988598379993762,0.45,2.5909530391316955,4.441591086307867,1.2677983039255702,0.45,-3.0639367766307295,3.4180634710618545,2.64631408034746,0.45,-2.543841893150203,2.7035746999818078,3.764729283005502,0.45,-2.123029013324082,1.575576340577611,4.411224343268828,0.45,-1.7379520278864549,0.3911246431567012,4.408943529278713,0.45,-1.3940489677238266,-0.9080169554323678,2.7686847035596656,0.45,-0.7475202979709161,-1.3318106091494168,1.4771362005575894,0.45,-0.2018343535061078,-1.3393150481154452,0.48353016441732,0.45,0.2172924861308013
105,-28.558848520082254,13.181509555914463,0.0,0.0,0.0,17.979964117688063,23.16,-0.7463219731154925,0.30587093969749796,0.45,0.37833257305706247,0.508951312087738,-1.1130697192171286,0.45,1.3424626112471312,2.7234816477713353,-1.3287150445670342,0.45,2.2079311701911943,3.778624216831953,-0.7167631650887861,0.45,2.588153995585203,4.388601041932678,1.2527411451268124,0.45,-3.0671448116333075,3.4315110514179588,2.6446155472283484,0.45,-2.546898339982233,2.703473933067449,3.7639769831147856,0.45,-2.1231241422847225,1.5777337123218755,4.410847070179125,0.45,-1.7385851011587417,0.3911548680794729,4.409677793968439,0.45,-1.3940948327972993,-0.9165449655254196,2.768661344669559,0.45,-0.7452906892847656,-1.3283981183840372,1.4771349337056683,0.45,-0.20212165362457346,-1.3426491302190697,0.484063483224814,0.45,0.21677574192150156
106,-29.15754643139735,13.377413289159792,0.0,0.0,0.0,18.02035218782796,23.2,-0.7431669987443527,0.3192973734448741,0.45,0.37228795639051665,0.5105275694491187,-1.102057065452436,0.45,1.342019009853643,2.7543938579113765,-1.3731133875383723,0.45,2.2074008759542574,3.7666578577756047,-0.6967352929589179,0.45,2.5914657964316388,4.414192227941578,1.2635332079424277,0.45,-3.06455782855858,3.4162499155674326,2.649466136047612,0.45,-2.542602430894739,2.7037910925131814,3.7670421224366883,0.45,-2.1227123321685712,1.5775307185445449,4.412985791453696,0.45,-1.738424097466372,0.3915259198614603,4.4076976340826794,0.45,-1.3940998001213127,-0.9095376233982075,2.7690197486376196,0.45,-0.7472175470582838,-1.3290472797332216,1.4772620688782307,0.45,-0.20211922625466994,-1.3434636047854054,0.4852591088838362,0.45,0.21621607625468925
107,-29.142668415474805,13.371705523922913,0.0,0.0,0.0,18.02957852215704,23.16,-0.7311746356444923,0.3024789233829271,0.45,0.38301918891167813,0.5256044322952161,-1.1250154466355686,0.45,1.3511545166258336,2.722579600680998,-1.3855443759870025,0.45,2.1961949781228296,3.7715497374355693,-0.7067768299527051,0.45,2.5896216583564344,4.423010042594206,1.261447146807199,0.45,-3.0653613525667587,3.42301658718095,2.652202818048193,0.45,-2.543132612541312,2.6926184994826023,3.765556282686954,0.45,-2.120018458343498,1.567698108105965,4.410663889443577,0.45,-1.735732218524651,0.39130870819668206,4.406130971410608,0.45,-1.3939584121727069,-0.913038745161877,2.7687056414946327,0.45,-0.7462158578534459,-1.3142811652113,1.4780888190182084,0.45,-0.20371631585122504,-1.3662625154842711,0.5212098381498815,0.45,0.19964478941853184
108,-29.142534790777496,13.370879747928715,0.0,0.0,0.0,18.00856080518879,23.2,-0.7444501980981344,0.3128451349939664,0.45,0.3752446268636653,0.5069675858285805,-1.1087132554593253,0.45,1.341115008785917,2.7251748933867654,-1.3754635552512253,0.45,2.1989218492292886,3.766942626822219,-0.6997205419134135,0.45,2.5907279782541837,4.414172646058408,1.268446367724754,0.45,-3.0631270220158213,3.4174413612351247,2.6500430548602583,0.45,-2.542669145879545,2.710425954840004,3.767525063119393,0.45,-2.1243710520323003,1.5704669175635282,4.411132113592995,0.45,-1.7364997052881657,0.42031850364599666,4.4088311508721825,0.45,-1.4023547920209227,-0.9077400558728269,2.7687036483630987,0.45,-0.7475979979275315,-1.3312796463524803,1.4773683453382804,0.45,-0.20197465667369568,-1.3389678873396456,0.48374596250976526,0.45,0.21723575737410983
109,-29.078682409184037,13.363433638189594,0.0,0.0,0.0,18.07261046604533,23.240000000000002,-0.740058715732634,0.30702510374749636,0.45,0.3789951168703382,0.4829103563343227,-1.1346779772130642,0.45,1.3331409488107655,2.728233576033896,-1.3811558441232268,0.45,2.1986261270987906,3.769343541488063,-0.7082752901621949,0.45,2.588873992776691,4.415272758528695,1.2703313266824814,0.45,-3.062603685636802,3.418157767469468,2.667596374464094,0.45,-2.5378709635178205,2.7314066123911473,3.780843960239507,0.45,-2.1276817145194618,1.5820882947040416,4.407884927256624,0.45,-1.7399700544951526,0.37389629183565043,4.408680948571297,0.45,-1.3891419763428048,-0.8941997830671659,2.7688020504879307,0.45,-0.7511779291422933,-1.3366003194655491,1.4784866267251222,0.45,-0.2019864800462061,-1.3412559691350172,0.4812372303834954,0.45,0.2180516807158974
110,-29.151285859564847,13.381238705072645,0.0,0.0,0.0,18.041355993335237,23.240000000000002,-0.7311396719390161,0.3185096703717632,0.45,0.3750338843513734,0.5097754338998134,-1.1075396163848268,0.45,1.342255090655835,2.724835459724278,-1.375412507336715,0.45,2.1988385100955385,3.7669442651553227,-0.7003194829545972,0.45,2.5905710994493965,4.414325917286337,1.266804447838603,0.45,-3.063608484803549,3.414571529929868,2.6388919116161604,0.45,-2.545270830461356,2.7053804083778235,3.75889267474168,0.45,-2.124446996616905,1.5790528566408397,4.408040454396895,0.45,-1.7390969295585597,0.39149738196831796,4.4328846429925735,0.45,-1.3953616302500185,-0.9065436154311906,2.7686865700826924,0.45,-0.747905968692137,-1.3313038130978105,1.4767491736639202,0.45,-0.2017177035322214,-1.3406825841611838,0.48248469267847216,0.45,0.21759536519220715
111,-29.144373492184954,13.385820262452476,0.0,0.0,0.0,18.06850269532595,23.28,-0.7502143341848739,0.3218042706480871,0.45,0.36967816606714105,0.5058152215687467,-1.097306590846565,0.45,1.3393890354058766,2.7252315118147417,-1.399764904485978,0.45,2.194105687351166,3.7868099557859405,-0.7296954884620229,0.45,2.5861115133529546,4.427318725307113,1.2413991676642322,0.45,-3.071274955304183,3.438792764395491,2.6437978708404,0.45,-2.5485157616925527,2.704322439320443,3.7646881904476817,0.45,-2.123231657669909,1.5825739200010345,4.413722457030522,0.45,-1.739824472870458,0.3933010434662042,4.409240022925931,0.45,-1.3946827393408174,-0.9249319677787686,2.768750755269468,0.45,-0.7431400036774571,-1.3337516229302828,1.4770279736442946,0.45,-0.20162648720920828,-1.3329284027935813,0.47435792176277536,0.45,0.22161355634248653
112,-29.176901983231645,13.38356937913813,0.0,0.0,0.0,18.02104006002075,23.2,-0.7457346642198834,0.3152205761705411,0.45,0.37381498800068347,0.5152920338975665,-1.1010772118401775,0.45,1.344067976070905,2.7246522233548958,-1.3748102491886773,0.45,2.1989085590255084,3.7669730084784914,-0.697032049766322,0.45,2.5914386197936965,4.414195813682007,1.2662886413188283,0.45,-3.0637556869118643,3.4187352382892002,2.6454121384093803,0.45,-2.5442259871804747,2.719215607255304,3.766436401301616,0.45,-2.1268423331754818,1.5525395284567627,4.4138151020616965,0.45,-1.7312587577653151,0.38432722305311035,4.411475804789414,0.45,-1.3922471147126358,-0.915898324248489,2.76869445438821,0.45,-0.7454682073984455,-1.3294596465820463,1.476421672942526,0.45,-0.20173815334322215,-1.3401375779848832,0.48275170326505623,0.45,0.21753567400643722
113,-29.135865632484403,13.369065431448128,0.0,0.0,0.0,18.01028749629921,23.2,-0.7501020070031169,0.3108891723808654,0.45,0.37511089944810094,0.5306779594213092,-1.0948036650030888,0.45,1.3503948013998013,2.7262824399111576,-1.3755474642829564,0.45,2.199210230024948,3.7670976405553893,-0.702944620880027,0.45,2.5899074478124615,4.414936794281914,1.248965723885827,0.45,-3.0688164807718796,3.4306922219898457,2.6403187272554947,0.45,-2.5479556304688873,2.7169727533344186,3.771503061706619,0.45,-2.125437743498724,1.5409396070438544,4.421323023207842,0.45,-1.7276065767300632,0.3849838819442664,4.414383042660321,0.45,-1.392582208433177,-0.8633496595416107,2.7686952025248033,0.45,-0.759343133667547,-1.3321731405408455,1.472170219119672,0.45,-0.1997591811098174,-1.3451872504573161,0.47628639357534874,0.45,0.21970929215847512
114,-29.166529205151974,13.37828724200909,0.0,0.0,0.0,18.00797993855423,23.2,-0.7627587114446421,0.30962068775766083,0.45,0.373284914060675,0.5086714992200044,-1.1079820240500675,0.45,1.3418046371065326,2.730976289730586,-1.3781342711856186,0.45,2.1999841672947924,3.7669548738771783,-0.6967856437711276,0.45,2.591500412611639,4.4139318087851676,1.268678462780836,0.45,-3.0630539427720276,3.4220575644117823,2.635566604842341,0.45,-2.5476507757735316,2.7188867003641386,3.753561050398677,0.45,-2.1288499186613485,1.5479453382641755,4.400856911268957,0.45,-1.7305432330122055,0.38391869599409656,4.414454935141613,0.45,-1.392283737812972,-0.9133582065638851,2.768783112373774,0.45,-0.7461544582971426,-1.3263732652370381,1.4772546979425658,0.45,-0.20234222243422903,-1.3382312106827827,0.48659359411957354,0.45,0.2161405186040141
115,-29.12222417155661,13.371489027626493,0.0,0.0,0.0,18.05308143369634,23.2,-0.7557232806394886,0.28831745660506847,0.45,0.3851099753403072,0.5276882580910759,-1.1208285903553052,0.45,1.3516706886818217,2.7279488415772644,-1.380804640408129,0.45,2.198617920044087,3.7675311697301614,-0.6702839956567381,0.45,2.5985826904400073,4.416339534340123,1.2558398537162994,0.45,-3.066845048134391,3.427009118002439,2.6292749683890397,0.45,-2.5503824685341083,2.7222449696131745,3.779241013508991,0.45,-2.1255621474050947,1.565793943125327,4.433852402603058,0.45,-1.7340984895587541,0.3857285090482876,4.420500013976986,0.45,-1.3931051115362894,-0.9290168317645221,2.768747593002046,0.45,-0.7420830747093471,-1.3356444269085055,1.4689959466244038,0.45,-0.1981640736209585,-1.3443361475273448,0.46802482322316036,0.45,0.2231405311352571
116,-29.17690841041305,13.382460276285807,0.0,0.0,0.0,18.013928947403066,23.2,-0.7292729711740268,0.3182140588182964,0.45,0.3755497194026388,0.5120755830220979,-1.1049882110943032,0.45,1.3430243909352075,2.7246701372130855,-1.3753503348078022,0.45,2.1988053819939917,3.7670282876547216,-0.6886287850340506,0.45,2.5936573510620273,4.414288016340934,1.2649155335249154,0.45,-3.0641575265400904,3.4303557270266998,2.635155265290547,0.45,-2.5493525277074296,2.7214959564494574,3.759271450475061,0.45,-2.128600717662737,1.5514145109630277,4.407783128238007,0.45,-1.7312162306762455,0.38421700956638033,4.396085623527088,0.45,-1.391423756478382,-0.9144576721454359,2.7686913331531833,0.45,-0.7458422547308039,-1.332158713038238,1.475636529378402,0.45,-0.20118775515570336,-1.3398748921691317,0.47864962085793045,0.45,0.21923015595771408
117,-29.14325367208465,13.363946409306978,0.0,0.0,0.0,17.978749675395367,23.16,-0.7300278997361718,0.3093828641581563,0.45,0.37981154514807186,0.5112693712848878,-1.113009947903179,0.45,1.3434974556627575,2.723465560518516,-1.3290772815421528,0.45,2.207852332681387,3.7787541126150423,-0.7066480067874663,0.45,2.5908137546432495,4.3886096509032075,1.2500511298470594,0.45,-3.0679344951079544,3.443960889145968,2.632647037639563,0.45,-2.55264457825436,2.721873622305888,3.7579355147836226,0.45,-2.1289167628272643,1.553379818347376,4.406971845210424,0.45,-1.731815851000285,0.38419954689286806,4.397137478657499,0.45,-1.3914731355827772,-0.9227937703155598,2.7686657894511963,0.45,-0.7436698146850292,-1.3304510095025133,1.475579063576669,0.45,-0.20130755814413773,-1.3423497293956503,0.478866959425691,0.45,0.2189174566305705
118,-29.17844145492635,13.383674739772438,0.0,0.0,0.0,18.018635424690917,23.2,-0.7290606004324899,0.3171281024308018,0.45,0.3761350625869152,0.5117219738107971,-1.1038736482215943,0.45,1.3427483675883696,2.7243253373620986,-1.375377933166894,0.45,2.1987048024161644,3.7670176742594226,-0.6885639902416597,0.45,2.593672707972025,4.414276013824469,1.2649308937345678,0.45,-3.064152783516906,3.4304425333838586,2.6350538599643016,0.45,-2.5493977927972447,2.721811108916375,3.7591586000625843,0.45,-2.128701296908331,1.5516600860974914,4.407705776542828,0.45,-1.7312900349787157,0.38420681352818414,4.396120749196126,0.45,-1.3914226654732937,-0.914434384167459,2.7998712595386728,0.45,-0.7545641860798082,-1.3327984369447219,1.4764752434823347,0.45,-0.20147921685643883,-1.3403009591480468,0.47905753285697744,0.45,0.21902544578575978
119,-29.179261464701273,13.383684402857075,0.0,0.0,0.0,18.03305724888272,23.16,-0.7146507777505767,0.3049319854062172,0.45,0.3851271126438778,0.5275466184229735,-1.1238301193779963,0.45,1.3519070253644914,2.7222152054861,-1.3859040956571762,0.45,2.1960230135333485,3.771650232973375,-0.6965872857472571,0.45,2.5923077736800137,4.422990898127544,1.2588182963723191,0.45,-3.0661245159146264,3.435520420139648,2.640149941221269,0.45,-2.5489230742505233,2.711331863492882,3.7593836995041197,0.45,-2.125926586780651,1.5435810548495825,4.4066835858878655,0.45,-1.7290255829388737,0.38434190429773013,4.393611794623436,0.45,-1.3913314195679307,-0.9192747959730226,2.7998649994011795,0.45,-0.7533023570131807,-1.3169658526578403,1.4773808676109925,0.45,-0.20319364336119705,-1.3663819160844122,0.5164392953506063,0.45,0.20157090250043685
120,320.6177565450454,0.0,0.617756545045367,0.0,0.0,18.050999045620255,0.0,-0.7225554588873441,0.3178203853294832,0.45,0.3770772659400603,0.5228390187665689,-1.120444186958465,0.45,1.3494544856592448,2.716323276960774,-1.3845167378422725,0.45,2.19467332040168,3.76874770197912,-0.6901679113383944,0.45,2.5935284572180537,4.422884248313203,1.2513696915796593,0.45,-3.0682862722773754,3.4366036841416956,2.6389587690308174,0.45,-2.549465587385733,2.7209652689675545,3.7581782576795404,0.45,-2.128640215285656,1.550611354027833,4.405673355350411,0.45,-1.7310840977588076,0.38609824640291535,4.394115496722805,0.45,-1.3918585137040203,-0.9192423055514669,2.7997952268365696,0.45,-0.7532914607274545,-1.311442388739211,1.477496503410867,0.45,-0.20371387796925955,-1.3861646561840588,0.5161962276088314,0.45,0.2000419646861255
OPTIMO,-29.179261464701273,,,,,,,-0.7146507777505767,0.3049319854062172,0.45,0.3851271126438778,0.5275466184229735,-1.1238301193779963,0.45,1.3519070253644914,2.7222152054861,-1.3859040956571762,0.45,2.1960230135333485,3.771650232973375,-0.6965872857472571,0.45,2.5923077736800137,4.422990898127544,1.2588182963723191,0.45,-3.0661245159146264,3.435520420139648,2.640149941221269,0.45,-2.5489230742505233,2.711331863492882,3.7593836995041197,0.45,-2.125926586780651,1.5435810548495825,4.4066835858878655,0.45,-1.7290255829388737,0.38434190429773013,4.393611794623436,0.45,-1.3913314195679307,-0.9192747959730226,2.7998649994011795,0.45,-0.7533023570131807,-1.3169658526578403,1.4773808676109925,0.45,-0.20319364336119705,-1.3663819160844122,0.5164392953506063,0.45,0.20157090250043685
